Workbook

Sheet Old Material Testing
A1: Sample 1:
A2: Width: | B2: 0.5 | C2: in
A3: Height: | B3: 0.25 | C3: in
A4: Length: | B4: 6.91 | C4: in
A5: "Yield" | B5: 1190 | C5: g | D5: =(B5/1000)*2.2 -> 2.618 | E5: lbf | F5: Started making cracking sounds
A6: Ultimate | B6: 1260 | C6: g | D6: =(B6/1000)*2.2 -> 2.772 | E6: lbf | F6: I think this number is a slight underestimate.
A8: Half-length: | B8: =B4/2 -> 3.455 | C8: in
A9: Internal moment at "Yield" | B9: =$B$8*(D5/2) -> 4.522595 | C9: in-lbs
A10: Internal moment at "Ult" | B10: =$B$8*(D6/2) -> 4.78863 | C10: in-lbs
A12: I: | B12: =B2*(B3^3)/12 -> 0.00065104167 | C12: in^4
A13: Yield Tensile: | B13: =B9*($B$3/2)/$B$12 -> 868.33824 | C13: psi
A14: Ult Tensile: | B14: =B10*($B$3/2)/$B$12 -> 919.41696 | C14: psi
A15: Density est:
A16: Approx mass of sample: | B16: 7 | C16: g
A17: Length: | B17: 35 | C17: in
A18: Vol of sample: | B18: =B2*B3*B17 -> 4.375 | C18: in^3
A19: density of sample: | B19: =B16/B18 -> 1.6 | C19: g/in^3 | D19: =B19/16.3871 -> 0.097637776 | E19: g/cm^3 | F19: =D19*1000 -> 97.637776 | G19: kg/m^3
A26: Sample 2:
A27: Width: | B27: 0.5 | C27: in
A28: Height: | B28: 0.25 | C28: in
A29: Length: | B29: 6.875 | C29: in
A30: "Yield" | C30: g | D30: =(B30/1000)*2.2 -> 0 | E30: lbf | F30: Started making cracking sounds | M30: 2060
A31: Ultimate | B31: 2060 | C31: g | D31: =(B31/1000)*2.2 -> 4.532 | E31: lbf | F31: I think this number is a slight underestimate.
A33: Half-length: | B33: =B29/2 -> 3.4375 | C33: in
A34: Internal moment at "Yield" | B34: =$B$8*(D30/2) -> 0 | C34: in-lbs
A35: Internal moment at "Ult" | B35: =$B$8*(D31/2) -> 7.82903 | C35: in-lbs
A37: I: | B37: =B27*(B28^3)/12 -> 0.00065104167 | C37: in^4
A38: Yield Tensile: | B38: =B34*($B$3/2)/$B$12 -> 0 | C38: psi
A39: Ult Tensile: | B39: =B35*($B$3/2)/$B$12 -> 1503.1738 | C39: psi
A40: Density est:
A41: Approx mass of sample: | B41: 9 | C41: g
A42: Length: | B42: 35 | C42: in
A43: Vol of sample: | B43: =B27*B28*B42 -> 4.375 | C43: in^3
A44: density of sample: | B44: =B41/B43 -> 2.0571429 | C44: g/in^3 | D44: =B44/16.3871 -> 0.12553428 | E44: g/cm^3 | F44: =D44*1000 -> 125.53428 | G44: kg/m^3
A50: Sample 3:
A51: Width: | B51: 0.5 | C51: in
A52: Height: | B52: 0.25 | C52: in
A53: Length: | B53: 6.95 | C53: in
A54: "Yield" | C54: g | D54: =(B54/1000)*2.2 -> 0 | E54: lbf | F54: Started making cracking sounds | M54: 2400
A55: Ultimate | B55: 2400 | C55: g | D55: =(B55/1000)*2.2 -> 5.28 | E55: lbf | F55: I think this number is a slight underestimate.
A57: Half-length: | B57: =B53/2 -> 3.475 | C57: in
A58: Internal moment at "Yield" | B58: =$B$8*(D54/2) -> 0 | C58: in-lbs
A59: Internal moment at "Ult" | B59: =$B$8*(D55/2) -> 9.1212 | C59: in-lbs
A61: I: | B61: =B51*(B52^3)/12 -> 0.00065104167 | C61: in^4
A62: Yield Tensile: | B62: =B58*($B$3/2)/$B$12 -> 0 | C62: psi
A63: Ult Tensile: | B63: =B59*($B$3/2)/$B$12 -> 1751.2704 | C63: psi
A64: Density est:
A65: Approx mass of sample: | B65: 9 | C65: g
A66: Length: | B66: 35 | C66: in
A67: Vol of sample: | B67: =B51*B52*B66 -> 4.375 | C67: in^3
A68: density of sample: | B68: =B65/B67 -> 2.0571429 | C68: g/in^3 | D68: =B68/16.3871 -> 0.12553428 | E68: g/cm^3 | F68: =D68*1000 -> 125.53428 | G68: kg/m^3
A71: Sample 5:
A72: Width: | B72: 0.5 | C72: in
A73: Height: | B73: 0.25 | C73: in
A74: Length: | B74: 6.95 | C74: in
A75: "Yield" | C75: g | D75: =(B75/1000)*2.2 -> 0 | E75: lbf | O75: 2380
A76: Ultimate | B76: 3030 | C76: g | D76: =(B76/1000)*2.2 -> 6.666 | E76: lbf | F76: I think this number is a slight underestimate.
A78: Half-length: | B78: =B74/2 -> 3.475 | C78: in
A79: Internal moment at "Yield" | B79: =$B$8*(D75/2) -> 0 | C79: in-lbs
A80: Internal moment at "Ult" | B80: =$B$8*(D76/2) -> 11.515515 | C80: in-lbs
A82: I: | B82: =B72*(B73^3)/12 -> 0.00065104167 | C82: in^4
A83: Yield Tensile: | B83: =B79*($B$3/2)/$B$12 -> 0 | C83: psi
A84: Ult Tensile: | B84: =B80*($B$3/2)/$B$12 -> 2210.9789 | C84: psi
A85: Density est:
A86: Approx mass of sample: | B86: 9 | C86: g
A87: Length: | B87: 35 | C87: in
A88: Vol of sample: | B88: =B72*B73*B87 -> 4.375 | C88: in^3
A89: density of sample: | B89: =B86/B88 -> 2.0571429 | C89: g/in^3 | D89: =B89/16.3871 -> 0.12553428 | E89: g/cm^3 | F89: =D89*1000 -> 125.53428 | G89: kg/m^3
A96: Double-Shear with the grain:
A97: Thickness: | B97: 0.25 | C97: in
A98: width: | B98: 0.5 | C98: in
A99: Max Force: | B99: 18 | C99: lbs
A100: Area per side: | B100: =B97*B98 -> 0.125 | C100: in^2
A101: Total Shear Area: | B101: =B100*2 -> 0.25 | C101: in^2
A102: Shear Stress: | B102: =B99/B101 -> 72 | C102: psi
A108: Single-Shear against the grain:
A109: Width: | B109: 0.5
A110: Thickness: | B110: 0.25
A111: Area: | B111: =B109*B110 -> 0.125
A112: Max Force: | B112: 17 | C112: lbs
A113: Stress: | B113: =B112/B111 -> 136 | C113: PSI

Sheet Initial Sizing
A1: Full-Scale Edge 540
A2: Wingspan: | B2: 293 | C2: in
A3: Root Chord | B3: 62 | C3: in
A4: Tip Chord | B4: 29 | C4: in
A5: Wing Area | B5: 98 | C5: ft^2 | D5: =B5*144 -> 14112 | E5: in^2
A6: Aircraft Length: | B6: 247 | C6: in
A7: Aircraft Height: | B7: =(7*12)+9 -> 93 | C7: in
A8: H-Tail Span: | B8: =(8*12)+1 -> 97 | C8: in
A9: H-Tail Area: | B9: 22 | C9: ft^2 | D9: =B9*144 -> 3168 | E9: in^2
A10: V-tail Area: | B10: =D10/144 -> 14.069444 | C10: ft^2 | D10: =(14*144)+10 -> 2026 | E10: in^2
A11: V-Tail Height: | B11: =D11/12 -> 5.1666667 | C11: ft | D11: =(5*12)+2 -> 62 | E11: in^2
I12: Area: | J12: 658
A13: Calculated Wing Area | B13: =B2*(AVERAGE(B3,B4)) -> 13331.5 | C13: in^2
A14: Calculated AR: | B14: =B2/(AVERAGE(B3:B4)) -> 6.4395604 | C14: dim.
C15: 65 | J15: 0.3 | K15: 13.75 | L15: 6.5
A16: Edge 540 60:
C17: Span: (in) | D17: Chord | E17: Area: (in^2) | F17: Area (ft^2) | G17: Aspect Ratio: | H17: Est Mass: | I17: Weight: (lbs) | J17: Target Structure lbs/ft^2 | K17: Mass Fraction: | L17: Root Chord: | M17: Tip Chord:
A18: Wing | C18: 64 | D18: =AVERAGE(L18:M18) -> 10.625 | E18: =C18*D18 -> 680 | F18: =E18/144 -> 4.7222222 | G18: =C18/D18 -> 6.0235294 | H18: =I18/2.2046 -> 0.47123691 | I18: =F18*J18 -> 1.0388889 | J18: 0.22 | K18: =H18/H38 -> 0.15587164 | L18: =B42 -> 14.25 | M18: =B56 -> 7
C19: Length | H19: Target Mass: | I19: Target Weight:
A20: Fuselage | C20: 54.7 | H20: 0.8 | I20: =H20*2.2046 -> 1.76368 | K20: =H20/$H$38 -> 0.26461704 | N20: Includes Motor, Prop, Rudder
C21: Span: (in) | D21: Mean Chord (in) | E21: Area: (in^2) | F21: Area (ft^2) | G21: Aspect Ratio: | H21: Est Mass: | I21: Weight: (lbs) | J21: Target Structure lbs/ft^2
A22: H-Tail | C22: 21.5 | D22: =E22/C22 -> 7.2618605 | E22: 156.13 | F22: =E22/144 -> 1.0842361 | G22: =C22/D22 -> 2.9606738 | H22: 0.09 | K22: =H22/$H$38 -> 0.029769417
C23: Height: (in) | D23: Mean Chord (in) | E23: Area: (in^2) | F23: Area (ft^2) | G23: Aspect Ratio: | H23: Est Mass: | I23: Weight: (lbs) | J23: Target Structure lbs/ft^2
A24: V-Tail | C24: 13.75 | E24: 99.85 | H24: 0.09 | K24: =H24/$H$38 -> 0.029769417
C25: Prop: | H25: Est Mass:
A26: Super Tiger 61 | C26: 12 x 6 | H26: 0.85 | K26: =H26/$H$38 -> 0.2811556
A28: Flight Battery | H28: 0.115 | K28: =H28/$H$38 -> 0.038038699
A30: Landing Gear | H30: 0.213 | K30: =H30/$H$38 -> 0.070454287
A32: Fuel tank | H32: 0.047 | K32: =H32/$H$38 -> 0.015546251
A34: Servos | H34: 0.25 | K34: =H34/$H$38 -> 0.082692825
A36: Cowling | H36: 0.097 | K36: =H36/$H$38 -> 0.032084816
G38: Total Mass: | H38: =SUM(H18,H20,H22,H24,H26,H28,H30,H32,H34,H36) -> 3.0232369 | I38: kg | J38: =H38*2.2046 -> 6.6650281 | K38: lbs
G39: Wing Loading: | H39: =(J38*16)/F18 -> 22.582683 | I39: oz/ft^2
A40: Relevant Parameters
A41: Panel_Span | B41: 28.6 | C41: in
A42: Root_Chord | B42: 14.25 | C42: in
A43: Main_Spar_Root_Chord_Rel_Position | B43: 0.2 | C43: ul
A44: Main_Spar_Root_Height | B44: 1.5 | C44: in
A45: Main_Spar_Root_flange_Height | B45: 0.2 | C45: in
A46: Main_Spar_Root_flange_Width | B46: 0.3 | C46: in
A47: Main_Spar_Root_web_Thickness | B47: 0 | C47: in | D47: Needs updated?
A48: Aft_Spar_Root_Width | B48: 0.25 | C48: in
A49: Aft_Spar_Root_Height | B49: 0 | C49: in | D49: This is currently tied to airfoil thickness. Zero is a filler
A50: Main_Spar_tip_Chord_Position | B50: 0 | C50: ul | D50: tbd. Zero is a filler
A51: Main_Spar_tip_flange_Height | B51: 0.2 | C51: in
A52: Main_Spar_tip_flange_Thickness | B52: 0.3 | C52: in
A53: Main_Spar_tip_web_Thickness | B53: 0 | C53: in | D53: tbd. Zero is a filler
A54: Aft_Spar_tip_Thickness | B54: =3/16 -> 0.1875 | C54: in
A55: Aft_Spar_tip_Height | B55: 0 | C55: in | D55: This is currently tied to airfoil thickness. Zero is a filler
A56: Tip_Chord | B56: 7 | C56: in
A57: Carbon_Spar_position | B57: 0.25 | C57: ul
A58: Carbon_Spar_diameter | B58: 1 | C58: in
A59: Carbon_Spar_Wall_Thickness | B59: 1 | C59: mm
A60: Ply_rib_thickness | B60: 0.125 | C60: in | D60: Could change
A61: D_bend_thickness | B61: =1/16 -> 0.0625 | C61: in | D61: Assumed Constant
A62: Nose_Piece_Dimensions | B62: 0.2 | C62: in | D62: approximate
A63: Rib_Thickness | B63: =1/8 -> 0.125 | C63: in | D63: Assumed Constant
A64: Extra | B64: =(14.25-7)/28.6 -> 0.2534965
A65: Chord_at_CF_rib | B65: =14.25-B64*7.5 -> 12.348776 | C65: in
A66: Chord_at_Rib_2 | B66: =14.25-B64*(14.627) -> 10.542107 | C66: in
A67: Chord_at_Rib_3 | B67: =14.25-B64*(21.627) -> 8.7676311
A71: dim. | B71: 0.5
A72: Air Density | B72: 0.00238 | C72: slugs/in^3
A73: V | B73: 33 | C73: m/s | D73: =B73*3.28 -> 108.24 | E73: ft/s | F73: =D73*(3600/5280) -> 73.8 | G73: mph
A74: Cl | B74: 0.9
A75: Area: | B75: 657.8 | C75: in^2 | D75: =B75/144 -> 4.5680556 | E75: ft^2
A76: Lift: | B76: =B71*B72*(D73^2)*B74*D75 -> 57.318711 | C76: lbf
A77: g's: | B77: =B76/J38 -> 8.5999204 | C77: dim.
A78: Acceleration: | B78: =B77*32.2 -> 276.91744 | C78: ft/s^2
A79: Turning Radius: | B79: =(D73^2)/B78 -> 42.30827 | C79: ft
A81: Very Approximate Wing Bend Moment: | B81: =(B77/17.13)*707.2 -> 355.04166 | C81: in-lbs
A85: Moment, including tail:
A86: dim. | B86: 0.5
A87: Air Density | B87: 0.00238 | C87: slugs/in^3
A88: V | B88: 33 | C88: m/s | D88: =B88*3.28 -> 108.24 | E88: ft/s | F88: =D88*(3600/5280) -> 73.8 | G88: mph
A89: Cm | B89: -0.137 | D89: including tail
A90: Area: | B90: 657.8 | C90: in^2 | D90: =B90/144 -> 4.5680556 | E90: ft^2
A91: Pitching Moment inc tail | B91: =B86*B87*(D88^2)*B89*D90 -> -8.7251816 | C91: lbf-ft
A92: Force on tail: | B92: =B91/(H98/12) -> -3.9155639 | C92: lbs
G98: Dist from CG to h-tail | H98: =30-3.26 -> 26.74 | I98: in
A105: Elevator Lift:
A107: dim. | B107: 0.5
A108: Air Density | B108: 0.00238 | C108: slugs/in^3
A109: V | B109: 33 | C109: m/s | D109: =B109*3.28 -> 108.24 | E109: ft/s | F109: =D109*(3600/5280) -> 73.8 | G109: mph
A110: Cl | B110: 0.26
A111: Area: | B111: =E22 -> 156.13 | C111: in^2 | D111: =B111/144 -> 1.0842361 | E111: ft^2
A112: Lift: | B112: =B107*B108*(D109^2)*B110*D111 -> 3.9302461 | C112: lbf
A113: g's: | B113: =B112/J38 -> 0.58968185 | C113: dim.
A114: Acceleration: | B114: =B113*32.2 -> 18.987756 | C114: ft/s^2
A115: Turning Radius: | B115: =(D109^2)/B114 -> 617.02383 | C115: ft
A117: Very Approximate Wing Bend Moment: | B117: =(B113/17.13)*707.2 -> 24.3446 | C117: in-lbs

Sheet Material Properties
A1: Balsa:
A2: Part 1:
A3: L: | B3: 36 | C3: in
A4: W: | B4: 1 | C4: in
A5: H: | B5: 0.25 | C5: in
A6: volume: | B6: =B3*B4*B5 -> 9 | C6: in^3 | D6: =B6/(39.37^3) -> 0.00014748446 | E6: m^3
A7: Mass: | B7: 17.5 | C7: g | D7: =B7/1000 -> 0.0175 | E7: kg | F7: =D7*2.2 -> 0.0385 | G7: lbs | H7: =F7/B6 -> 0.0042777778
A8: Density: | B8: =D7/D6 -> 118.65657 | C8: kg/m^3 | G8: =B8/16.0185 -> 7.4074706 | I8: =G8/(12^3) -> 0.0042867307 | J8: lb/in^3
A11: Part 2:
A12: L: | B12: 36 | C12: in
A13: W: | B13: 3 | C13: in
A14: H: | B14: =3/32 -> 0.09375 | C14: in
A15: volume: | B15: =B12*B13*B14 -> 10.125 | C15: in^3 | D15: =B15/(39.37^3) -> 0.00016592002 | E15: m^3
A16: Mass: | B16: 30 | C16: g | D16: =B16/1000 -> 0.03 | E16: kg
A17: Density: | B17: =D16/D15 -> 180.81001 | C17: kg/m^3 | G17: =B17/16.0185 -> 11.287574 | I17: =G17/(12^3) -> 0.006532161 | J17: lb/in^12
A19: Part 3:
A20: L: | B20: 36 | C20: in
A21: W: | B21: 1 | C21: in
A22: H: | B22: 0.25 | C22: in
A23: volume: | B23: =B20*B21*B22 -> 9 | C23: in^3 | D23: =B23/(39.37^3) -> 0.00014748446
A24: Mass: | B24: 15 | C24: g | D24: =B24/1000 -> 0.015
A25: Density: | B25: =D24/D23 -> 101.70563 | C25: kg/m^3
A27: Part 4:
A28: L: | B28: 36 | C28: in
A29: W: | B29: 1 | C29: in
A30: H: | B30: 0.25 | C30: in
A31: volume: | B31: =B28*B29*B30 -> 9 | C31: in^3 | D31: =B31/(39.37^3) -> 0.00014748446
A32: Mass: | B32: 16 | C32: g | D32: =B32/1000 -> 0.016
A33: Density: | B33: =D32/D31 -> 108.48601 | C33: kg/m^3
A35: Part 2:
A36: L: | B36: 36 | C36: in
A37: W: | B37: 3 | C37: in
A38: H: | B38: =3/16 -> 0.1875 | C38: in
A39: volume: | B39: =B36*B37*B38 -> 20.25 | C39: in^3 | D39: =B39/(39.37^3) -> 0.00033184004 | E39: m^3
A40: Mass: | B40: 54 | C40: g | D40: =B40/1000 -> 0.054 | E40: kg | F40: =D40*2.2 -> 0.1188 | G40: lbs | H40: =F40/B39 -> 0.0058666667
A41: Density: | B41: =D40/D39 -> 162.72901 | C41: kg/m^3 | G41: =B41/16.0185 -> 10.158817 | I41: =G41/(12^3) -> 0.0058789449 | J41: lb/in^3
A43: Part 2:
A44: L: | B44: 36 | C44: in
A45: W: | B45: 3 | C45: in
A46: H: | B46: 0.13 | C46: in
A47: volume: | B47: =B44*B45*B46 -> 14.04 | C47: in^3 | D47: =B47/(39.37^3) -> 0.00023007576 | E47: m^3
A48: Mass: | B48: 49.5 | C48: g | D48: =B48/1000 -> 0.0495 | E48: kg
A49: Density: | B49: =D48/D47 -> 215.14652 | C49: kg/m^3
A53: Craft Ply:
A54: L: | B54: 12 | C54: in
A55: W: | B55: 4 | C55: in
A56: H: | B56: 0.125 | C56: in
A57: volume: | B57: =B54*B55*B56 -> 6 | C57: in^3 | D57: =B57/(39.37^3) -> 9.8322974e-05 | E57: m^3
A58: Mass: | B58: 57 | C58: g | D58: =B58/1000 -> 0.057 | E58: kg
A59: Density: | B59: =D58/D57 -> 579.72209 | C59: kg/m^3
A62: L: | B62: 12 | C62: in
A63: W: | B63: 4 | C63: in
A64: H: | B64: 0.125 | C64: in
A65: volume: | B65: =B62*B63*B64 -> 6 | C65: in^3 | D65: =B65/(39.37^3) -> 9.8322974e-05 | E65: m^3
A66: Mass: | B66: 60 | C66: g | D66: =B66/1000 -> 0.06 | E66: kg | F66: =D66*2.2 -> 0.132 | G66: lbs | H66: =F66/B65 -> 0.022
A67: Density: | B67: =D66/D65 -> 610.23378 | C67: kg/m^3 | G67: =B67/16.0185 -> 38.095563 | H67: lb/ft^3 | I67: =G67/(12^3) -> 0.022046044 | J67: lb/in^3
A69: L: | B69: 12 | C69: in
A70: W: | B70: 4 | C70: in
A71: H: | B71: 0.25 | C71: in
A72: volume: | B72: =B69*B70*B71 -> 12 | C72: in^3 | D72: =B72/(39.37^3) -> 0.00019664595 | E72: m^3
A73: Mass: | B73: 124 | C73: g | D73: =B73/1000 -> 0.124 | E73: kg | F73: =D73*2.2 -> 0.2728 | G73: lbs | H73: =F73/B72 -> 0.022733333
A74: Density: | B74: =D73/D72 -> 630.57491 | C74: kg/m^3 | G74: =B74/16.0185 -> 39.365415 | I74: =G74/(12^3) -> 0.022780912 | J74: lb/in^3
A76: L: | B76: 12 | C76: in
A77: W: | B77: 4 | C77: in
A78: H: | B78: 0.25 | C78: in
A79: volume: | B79: =B76*B77*B78 -> 12 | C79: in^3 | D79: =B79/(39.37^3) -> 0.00019664595 | E79: m^3
A80: Mass: | B80: 124 | C80: g | D80: =B80/1000 -> 0.124 | E80: kg | F80: =D80*2.2 -> 0.2728 | G80: lbs | H80: =F80/B79 -> 0.022733333
A81: Density: | B81: =D80/D79 -> 630.57491 | C81: kg/m^3 | G81: =B81/16.0185 -> 39.365415 | I81: =G81/(12^3) -> 0.022780912 | J81: lb/in^3
A85: BMI Carbon Pre-preg:
A86: BMI Quasi-iso:
A87: Extensional Modulus: | B87: 6.18 | C87: Msi
A88: Shear Modulus | B88: 2.33 | C88: Msi
A89: Poisson's ratio: | B89: 0.328 | C89: dim.
A90: Quasi-iso Compressive Strength: | B90: 30.91 | C90: ksi
A91: Quasi-iso Tensile Strength: | B91: 55.63 | C91: ksi
A92: Shear Strength: | B92: 23.27 | C92: ksi
A93: Bolt Bearing Strength: | B93: 32.2 | C93: ksi
A94: Cured density: | B94: 0.0553 | C94: lb/in^3
A97: BMI Unidirectional Weave:
A98: Extensional Modulus: | B98: 7.3 | C98: MSI
A99: Shear Modulus | B99: 2.75
A100: Poisson's ratio: | B100: 0.327
A101: Quasi-iso Compressive Strength: | B101: 14.6
A102: Quasi-iso Tensile Strength: | B102: 36.49
A103: Shear Strength: | B103: 11
A104: Cured density: | B104: 0.0559

Sheet Mass Breakdown
N1: Ply Density: | O1: 0.022046
N3: Balsa Density: | O3: 0.006523
A5: Fuselage: | B5: Area: | C5: Thickness: | D5: volume (in^3) | E5: density lb/in^3 | F5: mass (lbm) | G5: Lightening fraction: | H5: Number: | I5: Final Mass (lbm) | J5: X CG | K5: Y CG | L5: Z CG | M5: Ixx | N5: Iyy | O5: Izz | P5: Ixz | Q5: in-lbs CG x | R5: in-lbs CG y | S5: in-lbs CG z
A6: Firewall | B6: 34.27 | C6: 0.125 | D6: =B6*C6 -> 4.28375 | E6: =$O$1 -> 0.022046 | F6: =D6*E6 -> 0.094439553 | G6: 1 | H6: 1 | I6: =G6*F6*H6 -> 0.094439553 | J6: -5.94 | K6: 0 | Q6: =$I6*J6 -> -0.56097094 | R6: =$I6*K6 -> 0 | S6: =$I6*L6 -> 0
A7: Bulkhead 1 | B7: 42.11 | C7: 0.125 | D7: =B7*C7 -> 5.26375 | E7: =$O$1 -> 0.022046 | F7: =D7*E7 -> 0.11604463 | G7: 0.6666 | H7: 1 | I7: =G7*F7*H7 -> 0.077355352 | J7: 1.06 | K7: 0 | Q7: =$I7*J7 -> 0.081996673 | R7: =$I7*K7 -> 0 | S7: =$I7*L7 -> 0
A8: Bulkhead 2 | B8: 21.75 | C8: 0.125 | D8: =B8*C8 -> 2.71875 | E8: =$O$1 -> 0.022046 | F8: =D8*E8 -> 0.059937562 | G8: 1 | H8: 1 | I8: =G8*F8*H8 -> 0.059937562 | J8: 12.06 | K8: 0 | Q8: =$I8*J8 -> 0.722847 | R8: =$I8*K8 -> 0 | S8: =$I8*L8 -> 0
A9: Bulkhead 2.5 | B9: 14.02 | C9: 0.125 | D9: =B9*C9 -> 1.7525 | E9: =$O$1 -> 0.022046 | F9: =D9*E9 -> 0.038635615 | G9: 1 | H9: 1 | I9: =G9*F9*H9 -> 0.038635615 | J9: 22.06 | K9: 0 | L9: -0.37 | M9: 0.24 | N9: 0.18 | O9: 0.06 | P9: 0 | Q9: =$I9*J9 -> 0.85230167 | R9: =$I9*K9 -> 0 | S9: =$I9*L9 -> -0.014295178
A10: Bulkhead 3 | B10: 8.96 | C10: 0.125 | D10: 0.61 | E10: =$O$1 -> 0.022046 | F10: =D10*E10 -> 0.01344806 | G10: 0.666 | H10: 1 | I10: =G10*F10*H10 -> 0.008956408 | J10: 31.56 | K10: 0 | L10: -0.93 | M10: 0.02 | N10: 0.02 | O10: 0 | P10: 0 | Q10: =$I10*J10 -> 0.28266424 | R10: =$I10*K10 -> 0 | S10: =$I10*L10 -> -0.0083294594
A11: Aft side beam: | D11: 3.7 | E11: =$O$1 -> 0.022046 | F11: =D11*E11 -> 0.0815702 | G11: 1 | H11: 2 | I11: =G11*F11*H11 -> 0.1631404 | J11: 23.99 | K11: 1.7 | L11: -1.71 | M11: 0.31 | N11: 8.23 | O11: 8.06 | P11: 0.31 | Q11: =$I11*J11 -> 3.9137382 | R11: =$I11*K11 -> 0.27733868 | S11: =$I11*L11 -> -0.27897008 | T11: Symmetric Part
A12: Wing Mount: | B12: 32.56 | C12: 0.125 | D12: =B12*C12 -> 4.07 | E12: =$O$1 -> 0.022046 | F12: =D12*E12 -> 0.08972722 | G12: 1 | H12: 2 | I12: =G12*F12*H12 -> 0.17945444 | J12: 2.99 | K12: 2.44 | L12: -1.64 | M12: 0.58 | N12: 5.35 | O12: 4.77 | P12: -0.1 | Q12: =$I12*J12 -> 0.53656878 | R12: =$I12*K12 -> 0.43786883 | S12: =$I12*L12 -> -0.29430528 | T12: Symmetric Part
A13: TurtleDeck Sheeting | B13: 198.72 | C13: 0.0625 | D13: =B13*C13 -> 12.42 | E13: =O3 -> 0.006523 | F13: =D13*E13 -> 0.08101566 | G13: 1 | H13: 1 | I13: =G13*F13*H13 -> 0.08101566 | Q13: =$I13*J13 -> 0 | R13: =$I13*K13 -> 0 | S13: =$I13*L13 -> 0
A14: Top TurtleDeck Support | B14: =0.375^2 -> 0.140625 | C14: 24 | D14: =B14*C14 -> 3.375 | E14: =O3 -> 0.006523 | F14: =D14*E14 -> 0.022015125 | G14: 1 | H14: 1 | I14: =G14*F14*H14 -> 0.022015125 | Q14: =$I14*J14 -> 0 | R14: =$I14*K14 -> 0 | S14: =$I14*L14 -> 0
A15: Keel Sheet | B15: 127.23 | C15: 0.0625 | D15: =B15*C15 -> 7.951875 | E15: =O3 -> 0.006523 | F15: =D15*E15 -> 0.051870081 | G15: 1 | H15: 1 | I15: =G15*F15*H15 -> 0.051870081 | Q15: =$I15*J15 -> 0 | R15: =$I15*K15 -> 0 | S15: =$I15*L15 -> 0
A16: Access Panel/canopy | D16: =B16*C16 -> 0 | F16: =D16*E16 -> 0 | G16: 1 | H16: 1 | I16: =G16*F16*H16 -> 0 | Q16: =$I16*J16 -> 0 | R16: =$I16*K16 -> 0 | S16: =$I16*L16 -> 0
A17: Energy Compartment sheet | B17: 56.9 | C17: 0.0625 | D17: =B17*C17 -> 3.55625 | E17: =O3 -> 0.006523 | F17: =D17*E17 -> 0.023197419 | G17: 1 | H17: 1 | I17: =G17*F17*H17 -> 0.023197419 | J17: -2.4 | K17: 0 | L17: 1.45 | M17: 1 | N17: 1.07 | O17: 1.87 | P17: 0.02 | Q17: =$I17*J17 -> -0.055673805 | R17: =$I17*K17 -> 0 | S17: =$I17*L17 -> 0.033636257
D18: =B18*C18 -> 0 | F18: =D18*E18 -> 0 | I18: =G18*F18*H18 -> 0 | Q18: =$I18*J18 -> 0 | R18: =$I18*K18 -> 0 | S18: =$I18*L18 -> 0
D19: =B19*C19 -> 0 | F19: =D19*E19 -> 0 | I19: =G19*F19*H19 -> 0 | Q19: =$I19*J19 -> 0 | R19: =$I19*K19 -> 0 | S19: =$I19*L19 -> 0
D20: =B20*C20 -> 0 | F20: =D20*E20 -> 0 | I20: =G20*F20*H20 -> 0 | Q20: =$I20*J20 -> 0 | R20: =$I20*K20 -> 0 | S20: =$I20*L20 -> 0
D21: =B21*C21 -> 0 | F21: =D21*E21 -> 0 | I21: =G21*F21*H21 -> 0 | Q21: =$I21*J21 -> 0 | R21: =$I21*K21 -> 0 | S21: =$I21*L21 -> 0
D22: =B22*C22 -> 0 | F22: =D22*E22 -> 0 | I22: =G22*F22*H22 -> 0 | Q22: =$I22*J22 -> 0 | R22: =$I22*K22 -> 0 | S22: =$I22*L22 -> 0
D23: =B23*C23 -> 0 | F23: =D23*E23 -> 0 | I23: =G23*F23*H23 -> 0 | Q23: =$I23*J23 -> 0 | R23: =$I23*K23 -> 0 | S23: =$I23*L23 -> 0
D24: =B24*C24 -> 0 | F24: =D24*E24 -> 0 | I24: =G24*F24*H24 -> 0 | Q24: =$I24*J24 -> 0 | R24: =$I24*K24 -> 0 | S24: =$I24*L24 -> 0
D25: =B25*C25 -> 0 | F25: =D25*E25 -> 0 | I25: =G25*F25*H25 -> 0 | Q25: =$I25*J25 -> 0 | R25: =$I25*K25 -> 0 | S25: =$I25*L25 -> 0
G26: Fuselage Total: | I26: =SUM(I6:I25) -> 0.80001761 | J26: lbm
G27: Glue Correction: | I27: 1.2 | J27: dim.
G28: Fuselage Final: | I28: =I26*I27 -> 0.96002114
A33: Inventor Wing: | B33: Area: | C33: Thickness: | D33: volume (in^3) | E33: density lb/in^3 | F33: mass: | G33: Lightening fraction: | H33: Number: | I33: Final Mass (lb) | J33: X CG | K33: Y CG | L33: Z CG | M33: Ixx | N33: Iyy | O33: Izz | P33: Ixz | Q33: in-lbs CG x | R33: in-lbs CG y | S33: in-lbs CG z
A34: Total: | I34: 0.595
A35: Ailerons | F35: 0.176 | G35: 0.666 | H35: 2 | I35: =F35*G35*H35 -> 0.234432
G37: Inventor Wing Total: | I37: =SUM(I34:I36) -> 0.829432 | J37: lbm
G38: Glue Correction: | I38: 1.2 | J38: dim.
G39: Inventor Wing Final: | I39: =I37*I38 -> 0.9953184 | J39: lbm
A41: Actual Wing: | B41: Area: | C41: Thickness: (in) | D41: volume (in^3) | E41: density lb/in^3 | F41: mass: (kg) | G41: Lightening fraction: | H41: Number: | I41: Final Mass (lb)
A42: Current Half Structure Mass: | F42: 0.159 | G42: 1 | H42: 2 | I42: =G42*F42*H42*2.2046 -> 0.7010628 | K42: Includes aileron servo mounting hardware
A43: Aileron Structure | B43: 0.00875 | C43: 29.5 | D43: =B43*C43 -> 0.258125 | E43: =O3 -> 0.006523 | F43: 0.029 | G43: 1 | H43: 2 | I43: =G43*F43*H43*2.2046 -> 0.1278668 | K43: before covering
A44: Carbon Fiber Spar Mass: | F44: 0.065 | G44: 1 | H44: 1 | I44: =G44*F44*H44*2.2046 -> 0.143299
A45: UltraCote | B45: 10 | E45: 0.005 | F45: =B45*E45 -> 0.05 | G45: 1 | H45: 1 | I45: =G45*F45*H45*2.2046 -> 0.11023 | K45: Area is in Ft^2, Density is in grams/ft^2
F46: =I47/2.2046 -> 0.491
H47: Total Wing Weight: | I47: =SUM(I42:I45) -> 1.0824586 | J47: lb
H48: Growth Factor: | I48: 1 | J48: dim
H49: Wing Final | I49: =I47*I48 -> 1.0824586 | J49: lb
A51: H-Stab and Elevator | B51: Area: (in^2) | C51: Thickness: (in) | D51: volume (in^3) | E51: density lb/in^3 | F51: mass (lbm) | G51: Lightening fraction: | H51: Number: | I51: Final Mass (lbm) | J51: X CG | K51: Y CG | L51: Z CG | M51: Ixx | N51: Iyy | O51: Izz | P51: Ixz | Q51: in-lbs CG x | R51: in-lbs CG y | S51: in-lbs CG z
A52: (hs) Structural Root Rib | B52: 2.91 | C52: 0.125 | D52: =B52*C52 -> 0.36375 | E52: =$O$3 -> 0.006523 | F52: =D52*E52 -> 0.0023727413 | G52: 1 | H52: 2 | I52: =G52*F52*H52 -> 0.0047454825
A53: hs rib 1 | B53: 2.68 | C53: 0.125 | D53: =B53*C53 -> 0.335 | E53: =$O$3 -> 0.006523 | F53: =D53*E53 -> 0.002185205 | G53: 1 | H53: 2 | I53: =G53*F53*H53 -> 0.00437041
A54: hs rib 2 | B54: 2.39 | C54: 0.125 | D54: =B54*C54 -> 0.29875 | E54: =$O$3 -> 0.006523 | F54: =D54*E54 -> 0.0019487463 | G54: 1 | H54: 2 | I54: =G54*F54*H54 -> 0.0038974925
A55: hs rib 3 | B55: 2.07 | C55: 0.25 | D55: =B55*C55 -> 0.5175 | E55: =$O$3 -> 0.006523 | F55: =D55*E55 -> 0.0033756525 | G55: 1 | H55: 2 | I55: =G55*F55*H55 -> 0.006751305
A56: hs spar thing | B56: 0.1675 | C56: 16 | D56: =B56*C56 -> 2.68 | E56: =$O$3 -> 0.006523 | F56: =D56*E56 -> 0.01748164 | G56: 1 | H56: 1 | I56: =G56*F56*H56 -> 0.01748164
A57: hs leading edge piece | B57: 0.07 | C57: 7.35 | D57: =B57*C57 -> 0.5145 | E57: =O3 -> 0.006523 | F57: =D57*E57 -> 0.0033560835 | G57: 1 | H57: 2 | I57: =G57*F57*H57 -> 0.006712167
A58: Elevator Root Stub | B58: 0.42 | C58: 1.5 | D58: 0.61 | E58: =$O$3 -> 0.006523 | F58: =D58*E58 -> 0.00397903 | G58: 1 | H58: 1 | I58: =G58*F58*H58 -> 0.00397903
A59: Elevator Structural rib 1 | B59: 1.83 | C59: 0.125 | D59: 3.82 | E59: =O1 -> 0.022046 | F59: =D59*E59 -> 0.08421572 | G59: 0.75 | H59: 2 | I59: =G59*F59*H59 -> 0.12632358
A60: Elevator Structural rib 2 | B60: 3.5 | C60: 0.125 | D60: =B60*C60 -> 0.4375 | E60: =O1 -> 0.022046 | F60: =D60*E60 -> 0.009645125 | G60: 0.75 | H60: 2 | I60: =G60*F60*H60 -> 0.014467687
A61: Elevator tip rib | B61: 3.21 | C61: 0.25 | D61: =B61*C61 -> 0.8025 | E61: =$O$3 -> 0.006523 | F61: =D61*E61 -> 0.0052347075 | G61: 1 | H61: 2 | I61: =G61*F61*H61 -> 0.010469415
A62: Elevator Spar | B62: =0.1875*0.83 -> 0.155625 | C62: 21.5 | D62: =B62*C62 -> 3.3459375 | E62: =$O$3 -> 0.006523 | F62: =D62*E62 -> 0.02182555 | G62: 1 | H62: 1 | I62: =G62*F62*H62 -> 0.02182555
A63: Elevator leading edge piece | B63: 0.07 | C63: 2.76 | D63: =B63*C63 -> 0.1932 | E63: =O3 -> 0.006523 | F63: =D63*E63 -> 0.0012602436 | G63: 1 | H63: 2 | I63: =G63*F63*H63 -> 0.0025204872
A64: Trailing edge piece | B64: 0.09 | C64: 7.11 | D64: =B64*C64 -> 0.6399 | E64: =O3 -> 0.006523 | F64: =D64*E64 -> 0.0041740677 | G64: 1 | H64: 2 | I64: =G64*F64*H64 -> 0.0083481354
D65: =B65*C65 -> 0 | F65: =D65*E65 -> 0 | I65: =G65*F65*H65 -> 0
D66: =B66*C66 -> 0 | F66: =D66*E66 -> 0 | I66: =G66*F66*H66 -> 0
D67: =B67*C67 -> 0 | F67: =D67*E67 -> 0 | I67: =G67*F67*H67 -> 0
D68: =B68*C68 -> 0 | F68: =D68*E68 -> 0 | I68: =G68*F68*H68 -> 0
D69: =B69*C69 -> 0 | F69: =D69*E69 -> 0 | I69: =G69*F69*H69 -> 0
D70: =B70*C70 -> 0 | F70: =D70*E70 -> 0 | I70: =G70*F70*H70 -> 0
D71: =B71*C71 -> 0 | F71: =D71*E71 -> 0 | I71: =G71*F71*H71 -> 0
D72: =B72*C72 -> 0 | F72: =D72*E72 -> 0 | I72: =G72*F72*H72 -> 0
G73: H-tail Total: | I73: =SUM(I52:I72) -> 0.23189238 | J73: lbm
G74: Glue Correction: | I74: 1.2 | J74: dim.
G75: H-tail Final: | I75: =I73*I74 -> 0.27827086
A77: V-Stab and Rudder | B77: Area: (in^2) | C77: Thickness: (in) | D77: volume (in^3) | E77: density lb/in^3 | F77: mass (lbm) | G77: Lightening fraction: | H77: Number: | I77: Final Mass (lbm) | J77: X CG | K77: Y CG | L77: Z CG | M77: Ixx | N77: Iyy | O77: Izz | P77: Ixz | Q77: in-lbs CG x | R77: in-lbs CG y | S77: in-lbs CG z
A78: Structural Root Rib | B78: 4.66 | C78: 0.125 | D78: =B78*C78 -> 0.5825 | E78: =$O$3 -> 0.006523 | F78: =D78*E78 -> 0.0037996475 | G78: 1 | H78: 1 | I78: =G78*F78*H78 -> 0.0037996475 | Q78: =$I78*J78 -> 0 | R78: =$I78*K78 -> 0 | S78: =$I78*L78 -> 0
A79: hs rib 1 | B79: 3.62 | C79: 0.125 | D79: =B79*C79 -> 0.4525 | E79: =$O$3 -> 0.006523 | F79: =D79*E79 -> 0.0029516575 | G79: 1 | H79: 1 | I79: =G79*F79*H79 -> 0.0029516575 | Q79: =$I79*J79 -> 0 | R79: =$I79*K79 -> 0 | S79: =$I79*L79 -> 0
A80: hs rib 2 | B80: 2.56 | C80: 0.125 | D80: =B80*C80 -> 0.32 | E80: =$O$3 -> 0.006523 | F80: =D80*E80 -> 0.00208736 | G80: 1 | H80: 1 | I80: =G80*F80*H80 -> 0.00208736 | Q80: =$I80*J80 -> 0 | R80: =$I80*K80 -> 0 | S80: =$I80*L80 -> 0
A81: vs tip rib | B81: 2.5 | C81: 0.125 | D81: =B81*C81 -> 0.3125 | E81: =O1 -> 0.022046 | F81: =D81*E81 -> 0.006889375 | G81: 0.75 | H81: 1 | I81: =G81*F81*H81 -> 0.0051670312 | Q81: =$I81*J81 -> 0 | R81: =$I81*K81 -> 0 | S81: =$I81*L81 -> 0
A82: vs spar thing | B82: 0.1785 | C82: 10 | D82: =B82*C82 -> 1.785 | E82: =$O$3 -> 0.006523 | F82: =D82*E82 -> 0.011643555 | G82: 1 | H82: 1 | I82: =G82*F82*H82 -> 0.011643555 | Q82: =$I82*J82 -> 0 | R82: =$I82*K82 -> 0 | S82: =$I82*L82 -> 0
A83: vs leading edge piece | B83: 0.07 | C83: 10.16 | D83: =B83*C83 -> 0.7112 | E83: =$O$3 -> 0.006523 | F83: =D83*E83 -> 0.0046391576 | G83: 1 | H83: 1 | I83: =G83*F83*H83 -> 0.0046391576 | Q83: =$I83*J83 -> 0 | R83: =$I83*K83 -> 0 | S83: =$I83*L83 -> 0
A84: Elevator Structural rib 1 | B84: 2.98 | C84: 0.125 | D84: 3.82 | E84: =O1 -> 0.022046 | F84: =D84*E84 -> 0.08421572 | G84: 0.75 | H84: 1 | I84: =G84*F84*H84 -> 0.06316179 | Q84: =$I84*J84 -> 0 | R84: =$I84*K84 -> 0 | S84: =$I84*L84 -> 0
A85: Elevator Structural rib 2 | B85: 1.8 | C85: 0.125 | D85: =B85*C85 -> 0.225 | E85: =$O$3 -> 0.006523 | F85: =D85*E85 -> 0.001467675 | G85: 0.75 | H85: 1 | I85: =G85*F85*H85 -> 0.0011007563 | Q85: =$I85*J85 -> 0 | R85: =$I85*K85 -> 0 | S85: =$I85*L85 -> 0
A86: Rudder tip rib | B86: 1.01 | C86: 0.25 | D86: =B86*C86 -> 0.2525 | E86: =$O$3 -> 0.006523 | F86: =D86*E86 -> 0.0016470575 | G86: 1 | H86: 1 | I86: =G86*F86*H86 -> 0.0016470575 | Q86: =$I86*J86 -> 0 | R86: =$I86*K86 -> 0 | S86: =$I86*L86 -> 0
A87: Rudder Spar | B87: =0.1875*0.83 -> 0.155625 | C87: 10.1 | D87: =B87*C87 -> 1.5718125 | E87: =$O$3 -> 0.006523 | F87: =D87*E87 -> 0.010252933 | G87: 1 | H87: 1 | I87: =G87*F87*H87 -> 0.010252933 | Q87: =$I87*J87 -> 0 | R87: =$I87*K87 -> 0 | S87: =$I87*L87 -> 0
A88: Rudder leading edge piece | B88: 0.07 | C88: 3.81 | D88: =B88*C88 -> 0.2667 | E88: =$O$3 -> 0.006523 | F88: =D88*E88 -> 0.0017396841 | G88: 1 | H88: 1 | I88: =G88*F88*H88 -> 0.0017396841 | Q88: =$I88*J88 -> 0 | R88: =$I88*K88 -> 0 | S88: =$I88*L88 -> 0
A89: Trailing edge piece | B89: 0.09 | C89: 14.63 | D89: =B89*C89 -> 1.3167 | E89: =$O$3 -> 0.006523 | F89: =D89*E89 -> 0.0085888341 | G89: 1 | H89: 1 | I89: =G89*F89*H89 -> 0.0085888341 | Q89: =$I89*J89 -> 0 | R89: =$I89*K89 -> 0 | S89: =$I89*L89 -> 0
A90: H-tail locator | B90: =PI()*(1.5)^3 -> 10.602875 | C90: 0.125 | D90: =B90*C90 -> 1.3253594 | E90: =O1 -> 0.022046 | F90: =D90*E90 -> 0.029218873 | G90: 1 | H90: 1 | I90: =G90*F90*H90 -> 0.029218873 | Q90: =$I90*J90 -> 0 | R90: =$I90*K90 -> 0 | S90: =$I90*L90 -> 0
D91: =B91*C91 -> 0 | F91: =D91*E91 -> 0 | I91: =G91*F91*H91 -> 0 | Q91: =$I91*J91 -> 0 | R91: =$I91*K91 -> 0 | S91: =$I91*L91 -> 0
D92: =B92*C92 -> 0 | F92: =D92*E92 -> 0 | I92: =G92*F92*H92 -> 0 | Q92: =$I92*J92 -> 0 | R92: =$I92*K92 -> 0 | S92: =$I92*L92 -> 0
D93: =B93*C93 -> 0 | F93: =D93*E93 -> 0 | I93: =G93*F93*H93 -> 0 | Q93: =$I93*J93 -> 0 | R93: =$I93*K93 -> 0 | S93: =$I93*L93 -> 0
D94: =B94*C94 -> 0 | F94: =D94*E94 -> 0 | I94: =G94*F94*H94 -> 0 | Q94: =$I94*J94 -> 0 | R94: =$I94*K94 -> 0 | S94: =$I94*L94 -> 0
D95: =B95*C95 -> 0 | F95: =D95*E95 -> 0 | I95: =G95*F95*H95 -> 0 | Q95: =$I95*J95 -> 0 | R95: =$I95*K95 -> 0 | S95: =$I95*L95 -> 0
D96: =B96*C96 -> 0 | F96: =D96*E96 -> 0 | I96: =G96*F96*H96 -> 0 | Q96: =$I96*J96 -> 0 | R96: =$I96*K96 -> 0 | S96: =$I96*L96 -> 0
D97: =B97*C97 -> 0 | F97: =D97*E97 -> 0 | I97: =G97*F97*H97 -> 0
G98: H-tail Total: | I98: =SUM(I78:I97) -> 0.14599834 | J98: lbm
G99: Glue Correction: | I99: 1.2 | J99: dim.
I100: H-tail Final: | K100: =I98*I99 -> 0.175198
E103: Landing Gear: | F103: mass (lbm) | G103: Lightening fraction: | H103: Number: | I103: Final Mass (lbm) | J103: X CG | K103: Y CG | L103: Z CG | M103: Ixx | N103: Iyy | O103: Izz | P103: Ixz | Q103: in-lbs CG x | R103: in-lbs CG y | S103: in-lbs CG z
E104: 2.75" Wheel | F104: 0.098 | G104: 1 | H104: 2 | I104: =G104*F104*H104 -> 0.196 | Q104: =$I104*J104 -> 0 | R104: =$I104*K104 -> 0 | S104: =$I104*L104 -> 0
E105: Wheel Mounting Hardware | F105: 0.018 | G105: 0.6666 | H105: 2 | I105: =G105*F105*H105 -> 0.0239976 | Q105: =$I105*J105 -> 0 | R105: =$I105*K105 -> 0 | S105: =$I105*L105 -> 0
C106: =0.054*2.2046 -> 0.1190484 | E106: Hobbyking CF Gear Mount | F106: 0.119 | G106: 0.666 | H106: 1 | I106: =G106*F106*H106 -> 0.079254 | Q106: =$I106*J106 -> 0 | R106: =$I106*K106 -> 0 | S106: =$I106*L106 -> 0
E107: 1" Tailwheel | F107: 0.01 | G107: 1 | H107: 0 | I107: =G107*F107*H107 -> 0 | J107: 39.89 | K107: 0 | L107: -4.74 | M107: 0 | N107: 0 | O107: 0 | P107: 0 | Q107: =$I107*J107 -> 0 | R107: =$I107*K107 -> 0 | S107: =$I107*L107 -> 0
E108: Raven Tailwheel Strut | F108: 0.07 | G108: 1 | H108: 1 | I108: =G108*F108*H108 -> 0.07 | J108: 37.38 | K108: 0 | L108: -2.88 | M108: 0.01 | N108: 0.13 | O108: 0.13 | P108: -0.02 | Q108: =$I108*J108 -> 2.6166 | R108: =$I108*K108 -> 0 | S108: =$I108*L108 -> -0.2016
I109: =G109*F109*H109 -> 0
I110: =G110*F110*H110 -> 0
I111: =G111*F111*H111 -> 0
G112: Landing Gear Total: | I112: =SUM(I104:I111) -> 0.3692516 | J112: lbm
...

Sheet Progressive Analysis
A1: Full-Scale Edge 540, for reference
A2: Wingspan: | B2: 293 | C2: in
A3: Root Chord | B3: 62 | C3: in
A4: Tip Chord | B4: 29 | C4: in
A5: Wing Area | B5: 98 | C5: ft^2 | D5: =B5*144 -> 14112 | E5: in^2
A6: Aircraft Length: | B6: 247 | C6: in
A7: Aircraft Height: | B7: =(7*12)+9 -> 93 | C7: in
A8: H-Tail Span: | B8: =(8*12)+1 -> 97 | C8: in
A9: H-Tail Area: | B9: 22 | C9: ft^2 | D9: =B9*144 -> 3168 | E9: in^2
A10: V-tail Area: | B10: =D10/144 -> 14.069444 | C10: ft^2 | D10: =(14*144)+10 -> 2026 | E10: in^2
A11: V-Tail Height: | B11: =D11/12 -> 5.1666667 | C11: ft | D11: =(5*12)+2 -> 62 | E11: in^2
I12: Area: | J12: 658
A13: Calculated Wing Area | B13: =B2*(AVERAGE(B3,B4)) -> 13331.5 | C13: in^2
A14: Calculated AR: | B14: =B2/(AVERAGE(B3:B4)) -> 6.4395604 | C14: dim.
C15: 65 | J15: 0.3 | K15: 13.75 | L15: 6.5
A16: Edge 540 60:
C17: Span: (in) | D17: Mean Chord | E17: Area: (in^2) | F17: Area (ft^2) | G17: Aspect Ratio: | H17: Est Mass: | I17: Est Weight: (lbs) | J17: Area Density lbs/ft^2 | K17: Mass Fraction: | L17: Root Chord: | M17: Tip Chord: | O17: Cost
A18: Wing | C18: 64 | D18: =AVERAGE(L18:M18) -> 10.625 | E18: =C18*D18 -> 680 | F18: =E18/144 -> 4.7222222 | G18: =C18/D18 -> 6.0235294 | H18: =I18/2.2046 -> 0.491 | I18: ='Mass Breakdown'!I49 -> 1.0824586 | J18: =I18/F18 -> 0.22922653 | K18: =H18/H38 -> 0.19297315 | L18: =B44 -> 14.25 | M18: =B58 -> 7
C19: Length | H19: Est Mass: | I19: Est Weight:
A20: Fuselage | C20: 54.7 | H20: =I20/2.2046 -> 0.43546273 | I20: ='Mass Breakdown'!I28 -> 0.96002114 | K20: =H20/$H$38 -> 0.17114586
C21: Span: (in) | D21: Mean Chord (in) | E21: Area: (in^2) | F21: Area (ft^2) | G21: Aspect Ratio: | H21: Est Mass: | I21: Weight: (lbs) | J21: Area Density lbs/ft^2
A22: H-Tail | C22: 21.5 | D22: =E22/C22 -> 7.2618605 | E22: 156.13 | F22: =E22/144 -> 1.0842361 | G22: =C22/D22 -> 2.9606738 | H22: =I22/2.2046 -> 0.12622283 | I22: ='Mass Breakdown'!I75 -> 0.27827086 | J22: =I22/F22 -> 0.25665153 | K22: =H22/$H$38 -> 0.049608183
C23: Height: (in) | D23: Mean Chord (in) | E23: Area: (in^2) | F23: Area (ft^2) | G23: Aspect Ratio: | H23: Est Mass: | I23: Weight: (lbs) | J23: Area Density lbs/ft^2
A24: V-Tail | C24: 13.75 | D24: =AVERAGE(L24,M24) -> 7.25 | E24: =D24*C24 -> 99.6875 | F24: =E24/144 -> 0.69227431 | H24: =I24/2.2046 -> 0.079469294 | I24: ='Mass Breakdown'!K100 -> 0.175198 | J24: =I24/F24 -> 0.25307599 | K24: =H24/$H$38 -> 0.031233075 | L24: 11 | M24: 3.5
C25: Prop: | H25: Est Mass:
A26: Tiger Motor AT3520 550kv | C26: APC 14*7 | H26: ='Mass Breakdown'!H118 -> 0.218 | I26: =H26*2.2046 -> 0.4806028 | K26: =H26/$H$38 -> 0.085678506 | O26: 79.99
A28: Flight Battery | H28: ='Mass Breakdown'!H119 -> 0.693 | I28: =H28*2.2046 -> 1.5277878 | K28: =H28/$H$38 -> 0.27236333 | N28: Graphene 6S 4000 mah | O28: 89.14
A30: Landing Gear | H30: =I30/2.2046 -> 0.18424057 | I30: ='Mass Breakdown'!I114 -> 0.40617676 | K30: =H30/$H$38 -> 0.072410352
A32: Castle Talon 60A 6S ESC | H32: ='Mass Breakdown'!H120 -> 0.06 | I32: =H32*2.2046 -> 0.132276 | K32: =H32/H38 -> 0.02358124 | O32: 69.95
A34: Servos | H34: =SUM('Mass Breakdown'!H121:H124) -> 0.16 | I34: =H34*2.2046 -> 0.352736 | K34: =H34/$H$38 -> 0.062883307 | N34: Assuming 4 Savox SV-1260MG, which weigh 40g each | O34: =80*4 -> 320
A36: Cowling | H36: ='Mass Breakdown'!H125 -> 0.097 | I36: =H36*2.2046 -> 0.2138462 | K36: =H36/$H$38 -> 0.038123005
G38: Total Mass: | H38: =SUM(H18,H20,H22,H24,H26,H28,H30,H34,H36,H32) -> 2.5443954 | I38: kg | J38: =H38*2.2046 -> 5.6093742 | K38: lbs | N38: Total Cost: | O38: =SUM(O18:O35) -> 559.08
G39: Wing Loading: | H39: =(J38*16)/F18 -> 19.00588 | I39: oz/ft^2
G40: AT3520 Max Thrust: | H40: 4.116 | I40: kg
B41: Max Up | C41: =(((H40*9.81)-9.81*H38)/H38) -> 6.059373 | D41: m/s^2 | G41: T/W | H41: =H40/H38 -> 1.6176731 | I41: dim.
A42: Relevant Parameters
A43: Panel_Span | B43: 29.5 | C43: in
A44: Root_Chord | B44: 14.25 | C44: in
A45: Main_Spar_Root_Chord_Rel_Position | B45: 0.2 | C45: ul
A46: Main_Spar_Root_Height | B46: 1.5 | C46: in
A47: Main_Spar_Root_flange_Height | B47: 0.25 | C47: in
A48: Main_Spar_Root_flange_Width | B48: 0.5 | C48: in
A49: Main_Spar_Root_web_Thickness | B49: 0 | C49: in | D49: Needs updated?
A50: Aft_Spar_Root_Width | B50: 0.25 | C50: in
A51: Aft_Spar_Root_Height | B51: 0 | C51: in | D51: This is currently tied to airfoil thickness. Zero is a filler
A52: Main_Spar_tip_Chord_Position | B52: 0 | C52: ul | D52: tbd. Zero is a filler
A53: Main_Spar_tip_flange_Height | B53: 0.2 | C53: in
A54: Main_Spar_tip_flange_Thickness | B54: 0.3 | C54: in
A55: Main_Spar_tip_web_Thickness | B55: 0 | C55: in | D55: tbd. Zero is a filler
A56: Aft_Spar_tip_Thickness | B56: =3/16 -> 0.1875 | C56: in
A57: Aft_Spar_tip_Height | B57: 0 | C57: in | D57: This is currently tied to airfoil thickness. Zero is a filler
A58: Tip_Chord | B58: 7 | C58: in
A59: Carbon_Spar_position | B59: 0.25 | C59: ul
A60: Carbon_Spar_diameter | B60: 1 | C60: in
A61: Carbon_Spar_Wall_Thickness | B61: 1 | C61: mm
A62: Ply_rib_thickness | B62: 0.125 | C62: in | D62: Could change
A63: D_bend_thickness | B63: =1/16 -> 0.0625 | C63: in | D63: Assumed Constant
A64: Nose_Piece_Dimensions | B64: 0.2 | C64: in | D64: approximate
A65: Rib_Thickness | B65: =1/8 -> 0.125 | C65: in | D65: Assumed Constant
A66: Extra | B66: =(14.25-7)/28.6 -> 0.2534965
A67: Chord_at_CF_rib | B67: =14.25-B66*7.5 -> 12.348776 | C67: in
A68: Chord_at_Rib_2 | B68: =14.25-B66*(14.627) -> 10.542107 | C68: in
A69: Chord_at_Rib_3 | B69: =14.25-B66*(21.627) -> 8.7676311
A70: Carbon Spar Length: | B70: 22 | C70: in
A72: Expected G-Loading, based on expected mass:
A73: dim. | B73: 0.5
A74: Air Density | B74: 0.00238 | C74: slugs/in^3
A75: V | B75: 22.3 | C75: m/s | D75: =B75*3.28 -> 73.144 | E75: ft/s | F75: =D75*(3600/5280) -> 49.870909 | G75: mph
A76: Cl | B76: 0.9
A77: Area: | B77: =E18 -> 680 | C77: in^2 | D77: =B77/144 -> 4.7222222 | E77: ft^2
A78: Lift: | B78: =B73*B74*(D75^2)*B76*D77 -> 27.057851 | C78: lbf
A79: g's: | B79: =B78/J38 -> 4.8236845 | C79: dim.
A80: Acceleration: | B80: =B79*32.2 -> 155.32264 | C80: ft/s^2
A81: Turning Radius: | B81: =(D75^2)/B80 -> 34.444719 | C81: ft
A83: Very Approximate Wing Bend Moment: | B83: =(B79/17.13)*707.2 -> 199.14242 | C83: in-lbs
A84: Force on Ribs due to wing bending moment: | B84: =B83/((B70/2)-2.75) -> 24.138475 | C84: lbf
A87: Moment, including tail:
A88: dim. | B88: 0.5
A89: Air Density | B89: 0.00238 | C89: slugs/in^3
A90: V | B90: 33 | C90: m/s | D90: =B90*3.28 -> 108.24 | E90: ft/s | F90: =D90*(3600/5280) -> 73.8 | G90: mph
A91: Cm | B91: -0.137 | D91: including tail | F91: Alpha: | G91: 11 | H91: Cm/Alpha | I91: =B91/G91 -> -0.012454545
A92: Area: | B92: 657.8 | C92: in^2 | D92: =B92/144 -> 4.5680556 | E92: ft^2
A93: Pitching Moment inc tail | B93: =B88*B89*(D90^2)*B91*D92 -> -8.7251816 | C93: lbf-ft
A94: Force on tail: | B94: =B93/(H100/12) -> -3.9155639 | C94: lbs
G100: Dist from CG to h-tail | H100: =30-3.26 -> 26.74 | I100: in
A107: Elevator Lift:
A109: dim. | B109: 0.5
A110: Air Density | B110: 0.00238 | C110: slugs/in^3
A111: V | B111: 33 | C111: m/s | D111: =B111*3.28 -> 108.24 | E111: ft/s | F111: =D111*(3600/5280) -> 73.8 | G111: mph
A112: Cl | B112: 0.26
A113: Area: | B113: =E22 -> 156.13 | C113: in^2 | D113: =B113/144 -> 1.0842361 | E113: ft^2
A114: Lift: | B114: =B109*B110*(D111^2)*B112*D113 -> 3.9302461 | C114: lbf
A115: g's: | B115: =B114/J38 -> 0.70065679 | C115: dim.
A116: Acceleration: | B116: =B115*32.2 -> 22.561149 | C116: ft/s^2
A117: Turning Radius: | B117: =(D111^2)/B116 -> 519.29526 | C117: ft
A119: Very Approximate Wing Bend Moment: | B119: =(B115/17.13)*707.2 -> 28.926123 | C119: in-lbs
A124: Propulsion Analysis
A125: Freestream Velocity: | B125: =B111 -> 33 | D125: =B125*3.28 -> 108.24 | E125: ft/s | F125: =D125*(3600/5280) -> 73.8 | G125: mph
A126: RPM | B126: 15000 | C126: rpm | D126: =B126/60 -> 250 | E126: Rev/s
A127: Prop Diameter: | B127: 12 | C127: in | D127: 1 | E127: ft
...

Sheet Drag Polar
B2: Cd0 wing | C2: 0.012
B3: Cd0 misc | C3: 0.06
B4: K | C4: 0.063
B5: Cl | C5: 0.825
B7: Cd | C7: =C2+C3+(C4*(C5^2)) -> 0.11487937
E10: Cl | F10: Cd | G10: L/D
E11: 0.05 | F11: =$C$2+$C$3+($C$4*(E11^2)) -> 0.0721575 | G11: =E11/F11 -> 0.69292866
E12: 0.1 | F12: =$C$2+$C$3+($C$4*(E12^2)) -> 0.07263 | G12: =E12/F12 -> 1.3768415
E13: 0.15 | F13: =$C$2+$C$3+($C$4*(E13^2)) -> 0.0734175 | G13: =E13/F13 -> 2.0431096
E14: 0.2 | F14: =$C$2+$C$3+($C$4*(E14^2)) -> 0.07452 | G14: =E14/F14 -> 2.6838433
E15: 0.25 | F15: =$C$2+$C$3+($C$4*(E15^2)) -> 0.0759375 | G15: =E15/F15 -> 3.2921811
E16: 0.3 | F16: =$C$2+$C$3+($C$4*(E16^2)) -> 0.07767 | G16: =E16/F16 -> 3.8624952
E17: 0.35 | F17: =$C$2+$C$3+($C$4*(E17^2)) -> 0.0797175 | G17: =E17/F17 -> 4.390504
E18: 0.4 | F18: =$C$2+$C$3+($C$4*(E18^2)) -> 0.08208 | G18: =E18/F18 -> 4.8732943
E19: 0.45 | F19: =$C$2+$C$3+($C$4*(E19^2)) -> 0.0847575 | G19: =E19/F19 -> 5.3092647
E20: 0.5 | F20: =$C$2+$C$3+($C$4*(E20^2)) -> 0.08775 | G20: =E20/F20 -> 5.6980057
E21: 0.55 | F21: =$C$2+$C$3+($C$4*(E21^2)) -> 0.0910575 | G21: =E21/F21 -> 6.0401395
E22: 0.6 | F22: =$C$2+$C$3+($C$4*(E22^2)) -> 0.09468 | G22: =E22/F22 -> 6.3371356
... E40: 1.5 | F40: =$C$2+$C$3+($C$4*(E40^2)) -> 0.21375 | G40: =E40/F40 -> 7.0175439
B53: Cd0 wing | C53: 0.012
B54: Cd0 misc | C54: 0.06
B55: K | C55: 0.0585
B56: Cl | C56: 0.86
B58: Cd | C58: =C53+C54+(C55*(C56^2)) -> 0.1152666
E61: Cl | F61: Cd | G61: L/D
E62: 0.05 | F62: =$C$53+$C$54+($C$55*(E62^2)) -> 0.07214625 | G62: =E62/F62 -> 0.69303671
E63: 0.1 | F63: =$C$53+$C$54+($C$55*(E63^2)) -> 0.072585 | G63: =E63/F63 -> 1.3776951
E64: 0.15 | F64: =$C$53+$C$54+($C$55*(E64^2)) -> 0.07331625 | G64: =E64/F64 -> 2.0459312
E65: 0.2 | F65: =$C$53+$C$54+($C$55*(E65^2)) -> 0.07434 | G65: =E65/F65 -> 2.6903417
E66: 0.25 | F66: =$C$53+$C$54+($C$55*(E66^2)) -> 0.07565625 | G66: =E66/F66 -> 3.3044197
E67: 0.3 | F67: =$C$53+$C$54+($C$55*(E67^2)) -> 0.077265 | G67: =E67/F67 -> 3.8827412
E68: 0.35 | F68: =$C$53+$C$54+($C$55*(E68^2)) -> 0.07916625 | G68: =E68/F68 -> 4.4210759
E69: 0.4 | F69: =$C$53+$C$54+($C$55*(E69^2)) -> 0.08136 | G69: =E69/F69 -> 4.9164208
E70: 0.45 | F70: =$C$53+$C$54+($C$55*(E70^2)) -> 0.08384625 | G70: =E70/F70 -> 5.3669663
E71: 0.5 | F71: =$C$53+$C$54+($C$55*(E71^2)) -> 0.086625 | G71: =E71/F71 -> 5.7720058
E72: 0.55 | F72: =$C$53+$C$54+($C$55*(E72^2)) -> 0.08969625 | G72: =E72/F72 -> 6.131806
E73: 0.6 | F73: =$C$53+$C$54+($C$55*(E73^2)) -> 0.09306 | G73: =E73/F73 -> 6.4474533
... E91: 1.5 | F91: =$C$53+$C$54+($C$55*(E91^2)) -> 0.203625 | G91: =E91/F91 -> 7.3664825

Sheet Estimated Inertias
B1: Mass: | C1: Ixx | D1: Iyy | E1: Izz | F1: Ixy
A2: Airframe | B2: 5.03
A3: Systems
A4: Overall | B4: 5.16 | C4: 380.5 | D4: 1035.57 | E4: 1355.75 | F4: 23.67 | I4: Missing LH aileron servo, MLG, Tail gear,
C5: =C4/12 -> 31.708333 | D5: =D4/12 -> 86.2975 | E5: =E4/12 -> 112.97917 | F5: =F4/12 -> 1.9725
G9: x | H9: y | I9: z
A10: According to master Assy | B10: 5.53 | C10: 358.88 | D10: 782.02 | E10: 1084.15 | F10: -11.98 | G10: 3.24 | H10: 0 | I10: -0.17
C11: =C10/144 -> 2.4922222 | D11: =D10/144 -> 5.4306944 | E11: =E10/144 -> 7.5288194 | F11: =F10/144 -> -0.083194444

Sheet Cost Breakdown
B1: Price per: | C1: Number | D1: Total Cost
D2: =C2*B2 -> 0
A3: Wing
A5: Fuselage | D5: =C5*B5 -> 0
D6: =C6*B6 -> 0
A7: H-Tail | D7: =C7*B7 -> 0
D8: =C8*B8 -> 0
A9: V-Tail | D9: =C9*B9 -> 0
D10: =C10*B10 -> 0
A11: T-Motor AT3520 500 kv | B11: 79.99 | C11: 1 | D11: =C11*B11 -> 79.99
D12: =C12*B12 -> 0
A13: Graphene 6S 4000 mah | B13: 89.14 | C13: 2 | D13: =C13*B13 -> 178.28
D14: =C14*B14 -> 0
A15: Landing Gear | D15: =C15*B15 -> 0
D16: =C16*B16 -> 0
A17: Castle 60A ESC | B17: 69.95 | C17: 1 | D17: =C17*B17 -> 69.95
D18: =C18*B18 -> 0
A19: Assuming 4 Savox SV-1260MG, which weigh 40g each | B19: 79.99 | C19: 4 | D19: =C19*B19 -> 319.96
A20: 1.25" Aluminum Servo Arms 25T | B20: 5.99 | C20: 4 | D20: =C20*B20 -> 23.96
A21: Control Horns
A22: Ball Joints
A23: 4-40 Threaded Rod
A26: Total Cost: | D26: =SUM(D1:D20) -> 672.14

Sheet New Stress Hand-Calcs
A1: Safety Factors:
A2: Ult Safety Factor: | B2: 2.25
A3: Yield Safety Factor: | B3: 1.75
A4: Carbon Spar at Wing Root:
B5: FEM: | C5: Hand-Calcs:
A6: Outer Diameter: | B6: ='Progressive Analysis'!B60/2 -> 0.5 | C6: =B6 -> 0.5 | D6: in
A7: Inner Diameter: | B7: =0.905512/2 -> 0.452756 | C7: =0.905512/2 -> 0.452756 | D7: in
A8: I: | B8: =PI()*(1/4)*((B6^4)-(B7^4)) -> 0.016084893 | C8: =PI()*(1/4)*((C6^4)-(C7^4)) -> 0.016084893 | D8: in^4
A9: Stress in CF Spar | B9: 0 | C9: =(#REF!*('New Stress Hand-Calcs'!C6/2)/'New Stress Hand-Calcs'!C8)/1000 -> #REF! | D9: ksi
A10: MS: | B10: ='Material Properties'!$B$90/(B9*$B$2)-1 -> #DIV/0! | C10: ='Material Properties'!$B$90/(C9*$B$2)-1 -> #REF! | D10: dim.
A13: Wood Spar at Wing Root:
A14: Est Moment (for reference): | B14: =F15 -> 343.68 | C14: in-lbs | D14: 32.2 | E14: ft-lbs | F14: =D14*12 -> 386.4
A15: Big Rectangle Height: | B15: 1.875 | C15: in | D15: 28.64 | F15: =D15*12 -> 343.68
A16: Big Rectangle outer width: | B16: 0.5 | C16: in
A17: Small Rectangle inner Height: | B17: =B15-('Progressive Analysis'!B47*2) -> 1.375 | C17: in
A18: Small Rectangle inner width: | B18: =B16-0.125 -> 0.375 | C18: in
A19: Big Rectangle I: | B19: =(1/12)*(B16*(B15^3)) -> 0.2746582 | C19: in^4
A20: Small Rectange I: | B20: =(1/12)*(B18*(B17^3)) -> 0.081237793 | C20: in^4
A21: Total I: | B21: =B19-B20 -> 0.19342041 | C21: in^4
A23: Max Tensile Stress: | B23: =(B14*(B15/2))/B21 -> 1665.8015 | C23: psi

Sheet Wing Stress
