Workbook

Sheet Combustion Analysis
A1: Propellant Properties:
B2: LOX | D2: Pure Ethanol | G2: Liquid Water | K2: Net Fuel
A3: Density | B3: 1141 | D3: 789.3 | E3: kg/m^3 | G3: 998 | H3: kg/m^3 | K3: =(0.7*D3)+(0.3*G3) -> 851.91 | L3: kg/m^3
A4: Heat of Combustion: | B4: N/A | D4: 1336 | E4: kJ/mol
A5: Cp: | I5: *NOTE THAT THESE NUMBERS ARE ALL APPROXIMATE
A6: Molar Mass: (Assuming O2) | B6: 0.032 | C6: kg/mol | D6: 0.04607 | E6: kg/mol | G6: 0.0180153 | H6: kg/mol
A7: Boiling Point | B7: 90.19 | C7: K | D7: 351.39 | E7: K | G7: 373.2 | H7: K
A10: Exhaust Gas Properties:
B11: CO2 | D11: H2O | G11: Ethanol
A12: Molecular Mass: | B12: =0.04401 -> 0.04401 | D12: 0.01802 | E12: kg/mol
A13: Cp: | B13: 1.326 | D13: 2.609 | E13: kJ/(kg*K) | F13: at 1500 K
A14: Cp: | B14: =B13*B12 -> 0.05835726 | D14: =D13*D12 -> 0.04701418 | E14: kJ/mol*K | G14: 0.074 | H14: kJ/mol*K
A15: Specific Volume:
A16: Theoretical:
A17: mol of CO2 per mol of ethanol | B17: 2 | D17: From the Balanced Stochiometric Chemical Equation
A18: mol of water per mol of ethanol | B18: 3 | D18: From the Balanced Stochiometric Chemical Equation
A20: Amount of Ethanol Per kg of Fuel | B20: =B67 -> 0.7 | C20: kg | D20: =B20/D6 -> 15.19427 | E20: mol
A21: Amount of Water Per kg of Fuel | B21: =1-B67 -> 0.3 | C21: kg | D21: =B21/G6 -> 16.652512 | E21: mol
A23: Propellants at current Mixture Ratio:
A24: Total Amount of O2 | B24: =B63 -> 1.26 | C24: kg | D24: =B24/B6 -> 39.375 | E24: mol | I24: Net Chemical Equation, Including Extras:
A25: Total Amount of fuel | B25: 1 | C25: kg | I25: XH2O + YC2H5OH + ZO2 + (C2H5OH + O2) → (2CO2 + 3H2O) + XH20 + YC2H5OH + ZO2
A26: Total Mass: | B26: =SUM(B24,B25) -> 2.26 | C26: kg | F26: This is used as a check for my calculations. Should be Equal to B36
A28: Contents:
A29: Total Amount of ethanol: | B29: =D29*D6 -> 0.7 | C29: kg | D29: =D20 -> 15.19427 | E29: mol
A30: Combustion Ethanol: | B30: =D30*D6 -> 0.60466875 | C30: kg | D30: =D24/3 -> 13.125 | E30: mol | F30: Ensure this stays updated. Probably only true if Engine runs Fuel Rich
A31: Amount of Extra water (X) | B31: =B21 -> 0.3 | C31: kg | D31: =D21 -> 16.652512 | E31: mol | P31: =D30/P32 -> 0.18428351
A32: Amount of Extra Ethanol (Y) | B32: =D32*D6 -> 0.09533125 | C32: kg | D32: =D29-D30 -> 2.0692696 | E32: mol | F32: Ensure this stays updated. Only Positive if engine runs fuel Rich | P32: =D29+D31+D33 -> 71.221782
A33: Combustion Oxygen: | B33: =D33*B6 -> 1.26 | C33: kg | D33: =D24 -> 39.375 | E33: mol
A34: Amount of Extra O2 (Z) | B34: =D34*B6 -> 0 | C34: kg | D34: =D24-D33 -> 0 | E34: mol | F34: Ensure this stays updated. Only 0 if engine runs fuel rich.
A35: Total Mass: | B35: =SUM(B29,B31,B33,B34) -> 2.26 | C35: kg | F35: This is used as a check for my calculations. Should be Equal to B26
A36: Combusting Mass: | B36: =SUM(B30,B33) -> 1.8646687 | C36: kg | F36: This is used as a check for my calculations. Should be Equal to B41
A38: Products for a kg of fuel
A39: Amount of combustion-product CO2: | B39: =D39*B12 -> 1.1552625 | D39: =B17*D30 -> 26.25 | E39: mol
A40: Amount of Combustion-product H2O: | B40: =D40*D12 -> 0.7095375 | D40: =(B18*D30) -> 39.375 | E40: mol
A41: Combusting Mass: | B41: =SUM(B39:B40) -> 1.8648 | C41: kg | F41: This is used as a check for my calculations. Should be Equal to B36
A43: Total Exhaust Gases:
A44: CO2: | B44: =D44*B12 -> 1.1552625 | C44: kg | D44: =D39 -> 26.25 | E44: mol
A45: Total Water: | B45: =D45*D12 -> 1.0096158 | C45: kg | D45: =D40+D31 -> 56.027512 | E45: mol
A46: Extra Ethanol: (Y) | B46: =D46*D6 -> 0.09533125 | C46: kg | D46: =D32 -> 2.0692696 | E46: mol
A47: Extra O2 (Z) | B47: =D47*B6 -> 0 | C47: kg | D47: =D34 -> 0 | E47: mol
A48: Total Mass: | B48: =SUM(B44:B47) -> 2.2602095 | C48: kg
A50: Mol_CO2/total Mol: | B50: =D44/(SUM(D44,D45,D46,D47)) -> 0.31121519 | C50: dim.
A51: MOL_H2O/Mol_total: | B51: =D45/SUM(D44:D47) -> 0.66425192 | C51: dim.
A52: Mol_Extra_Ethanol/Mol_total: | B52: =D46/SUM(D44:D46) -> 0.024532881 | C52: dim.
A53: Weighted Average Molecuar Mass: | B53: =(B50*B12)+(B51*G6)+(B52*D6) -> 0.026793508 | C53: kg/mol
A54: k_CO2: | B54: 1.2897 | C54: at 200 deg C | D54: From Internet
A55: k_H2O: | B55: 1.355 | C55: at 200 deg C | D55: From Internet
A56: k_Ethanol | B56: 1.13 | D56: This is the number from engineering toolbox, and might need checked for the temperature at which it is valid.
A58: Avg k: | B58: =(B50*B54)+(B51*B55)+(B52*B56) -> 1.3291577 | C58: dim.
A61: Combustion Parameters:
A62: Combustion Efficiency: | B62: 0.92 | C62: dim. | D62: This is a Guess based on R.P.E. page 86
A63: Target Mixture Ratio: | B63: ='Engine Requirements'!B21 -> 1.26 | C63: kg_O2/kg_Fuel | D63: See "Engine Requirements" Tab
A65: Performance Calculations:
A67: Ethanol Purity by mass: | B67: 0.7 | C67: kg of ethanol/kg total fuel. Rest is water
A68: Universal Gas Constant (R') | B68: 8.314 | C68: J/(K*Mol)
A69: Average Exhaust Gas Constant (R) | B69: =B68/B53 -> 310.29904 | C69: J/(K*kg)
A71: Heat of Combustion: | B71: =D4*B67*B62 -> 860.384 | C71: kJ/mol of Diluted Ethanol
A73: Exhaust Gas Avg Cp: | B73: =(B50*B14)+(B51*D14)+(B52*G14) -> 0.051206359 | C73: kJ/(mol*K) Total Exhaust Gases | D73: =B73*1000 -> 51.206359
C74: J/(mol*K)
A75: Delta-T: | B75: =(P31*B71)/B73 -> 3096.3847 | C75: K
A76: T/avg_molecular_mass | B76: =B75/B53 -> 115564.73 | C76: K/(kg/mol)
A77: Exhaust Gas Velocity (Ve) | B77: =SQRT(((2*'Combustion Analysis'!B58)/(B58-1))*(B69*B75)*(1-(('Engine Requirements'!F44/'Engine Requirements'!F2)^(('Combustion Analysis'!B58-1)/'Combustion Analysis'!B58)))) -> 2050.2766 | C77: m/s | D77: Equation 3-16 from Rocket Propulsion Elements
A78: Exhaust Gas Velocity Mach Number | B78: =SQRT((('Engine Requirements'!F2/'Engine Requirements'!F44)^((B58-1)/B58)-1)/((0.5)*(B58-1))) -> 2.6800833 | C78: dim.
A79: Gravitational Acceleration | B79: 9.81 | C79: m/s^2
A80: Max, Ideal Theoretical Isp: | B80: =B77/B79 -> 208.99863 | C80: s

Sheet Engine Requirements
A1: Chamber Details
A2: Chamber Pressure: | B2: 332 | C2: psi | D2: =B2*6894.76 -> 2289060.3 | E2: Pa | F2: =D2/1000 -> 2289.0603 | G2: kPa
A3: Target Thrust: | B3: 250 | C3: lbf | D3: =B3/2.2 -> 113.63636 | E3: kg | F3: =D3*9.8 -> 1113.6364 | G3: N
A4: Chamber Thrust: | B4: =(B2-B44)*B42 -> 170.55087 | C4: lbf | D4: =B4/2.2 -> 77.523124 | E4: kg | F4: =B4*4.44822 -> 758.64781 | G4: N
A5: Estimated Actual Thrust: | B5: =B4*B45 -> 0 | C5: lbf | D5: =B5/2.2 -> 0 | E5: kg | F5: =B5*0.00444822 -> 0 | G5: N
A6: Theoretical Max Isp: | B6: ='Combustion Analysis'!B80 -> 208.99863 | C6: s
A7: Exhaust gas Velocity: | B7: =B6*9.8 -> 2048.1866 | C7: m/s
A8: Mass flow rate: | B8: =F3/B7 -> 0.54371822 | C8: kg/s
A9: Engine O.D. | B9: 4 | C9: in
A10: Cylindrical Chamber Length | B10: 0.787 | C10: in
A11: Chamber I.D. | B11: 3.5 | C11: in
A12: Distance from Chamber to Throat | B12: 4 | C12: in | D12: =B12*0.0254 -> 0.1016 | E12: m
A14: Possible design I.D. | B14: 1.53 | C14: in
A15: Rough Design-Chamb Vol: | B15: =(PI()*(B14/2)^2)*B12 -> 7.3541542 | C15: in^3 | D15: =B15/6123.7 -> 0.0012009331 | E15: m^3
A16: Design Stay Time: | B16: =D15/('Solution of Isentropic Expansio'!D47*'Engine Requirements'!B24) -> 0.0052811033 | C16: s
A18: Chamber Volume incl. Conv nozzle | D18: =F18/1000000 -> 0.000376281 | E18: m^3 | F18: 376.281 | G18: cm^3 | H18: Update please
A20: Injector Stuff
A21: Target Mixture Ratio: | B21: 1.26 | C21: kg O2/kg fuel
A22: Oxidizer Mass Flow Rate: | B22: =B21*B8/(B21+1) -> 0.30313494 | C22: kg/s
A23: Fuel Mass Flow Rate: | B23: =B8/(B21+1) -> 0.24058328 | C23: kg/s
A24: Total Mass Flow Rate: | B24: =SUM(B22,B23) -> 0.54371822 | C24: kg/s
A25: Oxidizer Volum. Flow Rate: | B25: =B22/'Combustion Analysis'!B3 -> 0.00026567479 | C25: m^3/s | D25: =B25*1000000 -> 265.67479 | E25: cm^3/s | F25: =B25*61023.7 -> 16.212459
A26: Fuel Volum. Flow Rate: | B26: =B23/'Combustion Analysis'!K3 -> 0.00028240458 | C26: m^3/s | D26: =B26*1000000 -> 282.40458 | E26: cm^3/s | F26: =B26*61023.7 -> 17.233372
A27: Total Volumetric Flow Rate: | B27: =B25+B26 -> 0.00054807937 | C27: m^3/s | D27: =B27*1000000 -> 548.07937 | E27: cm^3/s | F27: =B27*61023.7 -> 33.445831 | G27: in^3/s | H27: =B27*3600 -> 1.9730857 | I27: m^3/h | J27: =B27*264.172 -> 0.14478722 | K27: GPM
A28: Ox holes per injector | B28: 17
A29: Oxidizer Injector hole diameter | B29: =2*SQRT((B25/(B28*B32*PI()))) -> 0.00081441384 | C29: m | D29: =B29*100 -> 0.081441384 | E29: cm | F29: =D29*0.393701 -> 0.032063554 | G29: in
A30: Fuel holes per injector | B30: 18
A31: Fuel Injector hole diameter | B31: =2*SQRT((B26/(B30*B34*PI()))) -> 0.0008160073 | C31: m | D31: =B31*100 -> 0.08160073 | E31: cm | F31: =D31*0.393701 -> 0.032126289 | G31: in
A32: Ox injector velocity | B32: 30 | C32: m/s | H32: Double check this number with Fluid Mechanics
A33: Ox injector Re | C33: mvl/v
A34: Fuel injector velocity | B34: 30 | C34: m/s | H34: Double check this number with Fluid Mechanics
A35: Delta-P as percent of Chamb Press | B35: 0.14
A36: Ox injector Target delta-P | B36: =B35*B2 -> 46.48 | C36: psi
A37: Fuel injector Target delta-P | B37: =B35*B2 -> 46.48 | C37: psi
A38: Target Flow Supply Pressure | B38: =B2+B36 -> 378.48
A40: Nozzle Specs
A41: Throat Diameter | B41: ='Solution of Isentropic Expansio'!I26 -> 0.82663628 | C41: in | D41: =B41*0.0254 -> 0.020996562 | E41: m
A42: Throat Area At | B42: =PI()*(B41/2)^2 -> 0.5366842 | C42: in^2
A43: Thrust Coefficient | B43: 0.98 | H43: Pulled from RPA. I don't know how accurate it is
A44: Ambient Air Pressure | B44: =F44*0.145038 -> 14.213724 | C44: Psi | D44: =F44*1000 -> 98000 | E44: Pa | F44: 98 | G44: kPa
A45: Estimated Thrust Coefficient: | C45: dim.
A47: Throat Conditions:
A48: Assumed Mach number: | B48: 1
A49: Assumed Throat Diameter: | B49: =B41 -> 0.82663628 | C49: in | D49: =B49*0.0254 -> 0.020996562 | E49: m
A50: Assumed Throat Area: (At) | B50: =B42 -> 0.5366842 | C50: in^2 | D50: =B50*0.00064516 -> 0.00034624718 | E50: m^2
A51: Throat Pressure | D51: =(D2/((1+0.5*('Combustion Analysis'!B58-1))^(('Combustion Analysis'!B58/('Combustion Analysis'!B58-1))))) -> 1237267 | E51: Pa | F51: =D51/1000 -> 1237.267 | G51: kPa | H51: =F51/F2 -> 0.54051304
A53: Nozzle Outlet:
A54: Nozzle Outlet Area: (A2) | B54: =D54*1550 -> 1.8469267 | C54: in^2 | D54: =(D50/'Combustion Analysis'!B78)*((1+(('Combustion Analysis'!B58-1)/2)*'Combustion Analysis'!B78^2)/(('Combustion Analysis'!B58+1)/2))^(('Combustion Analysis'!B58+1)/(2*('Combustion Analysis'!B58-1))) -> 0.0011915656 | E54: m^2
A55: Nozzle Outlet Diameter: | B55: =D55*39.3701 -> 1.5334886 | C55: in | D55: =2*SQRT(D54/PI()) -> 0.03895059 | E55: m
A56: Distance from Throat to Outlet: | B56: =D56*39.3701 -> 1.3190036 | C56: in | D56: =(D55/2-D41/2)/TAN(RADIANS(15)) -> 0.033502673 | E56: m
A58: Heat Transfer Analysis
A59: Assuming 1-D flow, I will try to calculate the flow properties along each station in the engine, just like I did with finding the nozzle exit area.
A60: 1-D Analysis Interval: | B60: 0.1
A61: Distance from "Chamber:" | B61: Station: | C61: Nozzle Diameter | D61: Radius | E61: Area: (in^2) | F61: Area (m^2) | G61: Delta Temperature (K) | H61: Velocity | I61: Mach | J61: Specific Vol m^3/kg | K61: Pressure (Pa) | L61: Pressure (kPa) | M61: Area Ratio (A/At)
A62: 0 | B62: Chamber | C62: =B11 -> 3.5 | D62: =C62/2 -> 1.75 | E62: =PI()*D62^2 -> 9.6211275 | F62: =E62*0.00064516 -> 0.0062071666 | G62: ='Combustion Analysis'!B75 -> 3096.3847 | J62: =('Combustion Analysis'!B69*G62)/K62 -> 0.41973783 | K62: =D2 -> 2289060.3 | L62: =K62/1000 -> 2289.0603 | M62: =E62/$E$93 -> 17.926981
A63: =B63*$B$60 -> 0.1 | B63: 1 | C63: =$C$62-((($C$62-$C$93)/$B$93)*B63) -> 3.4137625 | D63: =C63/2 -> 1.7068812 | E63: =PI()*D63^2 -> 9.1528528 | F63: =E63*0.00064516 -> 0.0059050545 | K63: =460.37*(C63^(-3.933)) -> 3.680446 | L63: =K63/1000 -> 0.003680446 | M63: =E63/$E$93 -> 17.054448
A64: =B64*$B$60 -> 0.2 | B64: 2 | C64: =$C$62-((($C$62-$C$93)/$B$93)*B64) -> 3.3275249 | D64: =C64/2 -> 1.6637625 | E64: =PI()*D64^2 -> 8.69626 | F64: =E64*0.00064516 -> 0.0056104791 | L64: =K64/1000 -> 0 | M64: =E64/$E$93 -> 16.203682
A65: =B65*$B$60 -> 0.3 | B65: 3 | C65: =$C$62-((($C$62-$C$93)/$B$93)*B65) -> 3.2412874 | D65: =C65/2 -> 1.6206437 | E65: =PI()*D65^2 -> 8.251349 | F65: =E65*0.00064516 -> 0.0053234403 | L65: =K65/1000 -> 0 | M65: =E65/$E$93 -> 15.374682
A66: =B66*$B$60 -> 0.4 | B66: 4 | C66: =$C$62-((($C$62-$C$93)/$B$93)*B66) -> 3.1550498 | D66: =C66/2 -> 1.5775249 | E66: =PI()*D66^2 -> 7.81812 | F66: =E66*0.00064516 -> 0.0050439383 | L66: =K66/1000 -> 0 | M66: =E66/$E$93 -> 14.567449
A67: =B67*$B$60 -> 0.5 | B67: 5 | C67: =$C$62-((($C$62-$C$93)/$B$93)*B67) -> 3.0688123 | D67: =C67/2 -> 1.5344062 | E67: =PI()*D67^2 -> 7.3965728 | F67: =E67*0.00064516 -> 0.0047719729 | L67: =K67/1000 -> 0 | M67: =E67/$E$93 -> 13.781983
A68: =B68*$B$60 -> 0.6 | B68: 6 | C68: =$C$62-((($C$62-$C$93)/$B$93)*B68) -> 2.9825748 | D68: =C68/2 -> 1.4912874 | E68: =PI()*D68^2 -> 6.9867075 | F68: =E68*0.00064516 -> 0.0045075442 | L68: =K68/1000 -> 0 | M68: =E68/$E$93 -> 13.018284
A69: =B69*$B$60 -> 0.7 | B69: 7 | C69: =$C$62-((($C$62-$C$93)/$B$93)*B69) -> 2.8963372 | D69: =C69/2 -> 1.4481686 | E69: =PI()*D69^2 -> 6.588524 | F69: =E69*0.00064516 -> 0.0042506522 | L69: =K69/1000 -> 0 | M69: =E69/$E$93 -> 12.276352
A70: =B70*$B$60 -> 0.8 | B70: 8 | C70: =$C$62-((($C$62-$C$93)/$B$93)*B70) -> 2.8100997 | D70: =C70/2 -> 1.4050498 | E70: =PI()*D70^2 -> 6.2020225 | F70: =E70*0.00064516 -> 0.0040012968 | L70: =K70/1000 -> 0 | M70: =E70/$E$93 -> 11.556186
A71: =B71*$B$60 -> 0.9 | B71: 9 | C71: =$C$62-((($C$62-$C$93)/$B$93)*B71) -> 2.7238621 | D71: =C71/2 -> 1.3619311 | E71: =PI()*D71^2 -> 5.8272028 | F71: =E71*0.00064516 -> 0.0037594781 | L71: =K71/1000 -> 0 | M71: =E71/$E$93 -> 10.857787
A72: =B72*$B$60 -> 1 | B72: 10 | C72: =$C$62-((($C$62-$C$93)/$B$93)*B72) -> 2.6376246 | D72: =C72/2 -> 1.3188123 | E72: =PI()*D72^2 -> 5.464065 | F72: =E72*0.00064516 -> 0.0035251961 | L72: =K72/1000 -> 0 | M72: =E72/$E$93 -> 10.181155
A73: =B73*$B$60 -> 1.1 | B73: 11 | C73: =$C$62-((($C$62-$C$93)/$B$93)*B73) -> 2.5513871 | D73: =C73/2 -> 1.2756935 | E73: =PI()*D73^2 -> 5.112609 | F73: =E73*0.00064516 -> 0.0032984508 | L73: =K73/1000 -> 0 | M73: =E73/$E$93 -> 9.5262894
A74: =B74*$B$60 -> 1.2 | B74: 12 | C74: =$C$62-((($C$62-$C$93)/$B$93)*B74) -> 2.4651495 | D74: =C74/2 -> 1.2325748 | E74: =PI()*D74^2 -> 4.772835 | F74: =E74*0.00064516 -> 0.0030792422 | L74: =K74/1000 -> 0 | M74: =E74/$E$93 -> 8.8931907
A75: =B75*$B$60 -> 1.3 | B75: 13 | C75: =$C$62-((($C$62-$C$93)/$B$93)*B75) -> 2.378912 | D75: =C75/2 -> 1.189456 | E75: =PI()*D75^2 -> 4.4447428 | F75: =E75*0.00064516 -> 0.0028675702 | L75: =K75/1000 -> 0 | M75: =E75/$E$93 -> 8.2818588
... A84: =B84*$B$60 -> 2.2 | B84: 22 | C84: =$C$62-((($C$62-$C$93)/$B$93)*B84) -> 1.6027741 | D84: =C84/2 -> 0.80138707 | E84: =PI()*D84^2 -> 2.0175975 | F84: =E84*0.00064516 -> 0.0013016732 | L84: =K84/1000 -> 0 | M84: =E84/$E$93 -> 3.7593756
A85: =B85*$B$60 -> 2.3 | B85: 23 | C85: =$C$62-((($C$62-$C$93)/$B$93)*B85) -> 1.5165366 | D85: =C85/2 -> 0.7582683 | E85: =PI()*D85^2 -> 1.8063241 | F85: =E85*0.00064516 -> 0.001165368 | K85: =L85*1000 -> 2219973.3 | L85: =3491.7*(C85^3)-14296*(C85^2)+(19578*C85)-6770.2 -> 2219.9733 | M85: =E85/$E$93 -> 3.3657113
A86: =B86*$B$60 -> 2.4 | B86: 24 | C86: =$C$62-((($C$62-$C$93)/$B$93)*B86) -> 1.4302991 | D86: =C86/2 -> 0.71514953 | E86: =PI()*D86^2 -> 1.6067325 | F86: =E86*0.00064516 -> 0.0010365996 | K86: =L86*1000 -> 2202936.7 | L86: =3491.7*(C86^3)-14296*(C86^2)+(19578*C86)-6770.2 -> 2202.9367 | M86: =E86/$E$93 -> 2.9938137
A87: =B87*$B$60 -> 2.5 | B87: 25 | C87: =$C$62-((($C$62-$C$93)/$B$93)*B87) -> 1.3440615 | D87: =C87/2 -> 0.67203076 | E87: =PI()*D87^2 -> 1.4188229 | F87: =E87*0.00064516 -> 0.00091536775 | K87: =L87*1000 -> 2196111.5 | L87: =3491.7*(C87^3)-14296*(C87^2)+(19578*C87)-6770.2 -> 2196.1115 | M87: =E87/$E$93 -> 2.6436829
A88: =B88*$B$60 -> 2.6 | B88: 26 | C88: =$C$62-((($C$62-$C$93)/$B$93)*B88) -> 1.257824 | D88: =C88/2 -> 0.62891199 | E88: =PI()*D88^2 -> 1.2425951 | F88: =E88*0.00064516 -> 0.00080167263 | K88: =L88*1000 -> 2186061.3 | L88: =3491.7*(C88^3)-14296*(C88^2)+(19578*C88)-6770.2 -> 2186.0613 | M88: =E88/$E$93 -> 2.3153189
A89: =B89*$B$60 -> 2.7 | B89: 27 | C89: =$C$62-((($C$62-$C$93)/$B$93)*B89) -> 1.1715864 | D89: =C89/2 -> 0.58579322 | E89: =PI()*D89^2 -> 1.0780491 | F89: =E89*0.00064516 -> 0.00069551418 | K89: =L89*1000 -> 2159349.8 | L89: =3491.7*(C89^3)-14296*(C89^2)+(19578*C89)-6770.2 -> 2159.3498 | M89: =E89/$E$93 -> 2.0087216
A90: =B90*$B$60 -> 2.8 | B90: 28 | C90: =$C$62-((($C$62-$C$93)/$B$93)*B90) -> 1.0853489 | D90: =C90/2 -> 0.54267445 | E90: =PI()*D90^2 -> 0.92518509 | F90: =E90*0.00064516 -> 0.00059689241 | K90: =L90*1000 -> 2102541 | L90: =3491.7*(C90^3)-14296*(C90^2)+(19578*C90)-6770.2 -> 2102.541 | M90: =E90/$E$93 -> 1.723891
A91: =B91*$B$60 -> 2.9 | B91: 29 | C91: =$C$62-((($C$62-$C$93)/$B$93)*B91) -> 0.99911136 | D91: =C91/2 -> 0.49955568 | E91: =PI()*D91^2 -> 0.78400292 | F91: =E91*0.00064516 -> 0.00050580732 | K91: =L91*1000 -> 2002198.6 | L91: =3491.7*(C91^3)-14296*(C91^2)+(19578*C91)-6770.2 -> 2002.1986 | M91: =E91/$E$93 -> 1.4608273
A92: =B92*$B$60 -> 3 | B92: 30 | C92: =$C$62-((($C$62-$C$93)/$B$93)*B92) -> 0.91287382 | D92: =C92/2 -> 0.45643691 | E92: =PI()*D92^2 -> 0.65450262 | F92: =E92*0.00064516 -> 0.00042225891 | K92: =L92*1000 -> 1844886.3 | L92: =3491.7*(C92^3)-14296*(C92^2)+(19578*C92)-6770.2 -> 1844.8863 | M92: =E92/$E$93 -> 1.2195303
A93: =B93*$B$60 -> 3.1 | B93: 31 | C93: =B41 -> 0.82663628 | D93: =C93/2 -> 0.41331814 | E93: =PI()*D93^2 -> 0.5366842 | F93: =E93*0.00064516 -> 0.00034624718 | K93: =D51 -> 1237267 | L93: =K93/1000 -> 1237.267 | M93: =E93/$E$93 -> 1
A94: Throat
A95: Divergent Section:
A96: 3.2 | B96: 32 | C96: =C93+((($C$111-$C$93)/($B$110-$B$92))) -> 0.87081455 | D96: =C96/2 -> 0.43540728 | E96: =PI()*D96^2 -> 0.59558156 | F96: =E96*0.00064516 -> 0.0003842454 | K96: =L96*1000 -> 759278.73 | L96: =(-202415*(C96^3))+(568354*(C96^2))-(534463*C96)+168850 -> 759.27873 | M96: =E96/$E$93 -> 1.109743
A97: 3.3 | B97: 33 | C97: =C96+((($C$111-$C$93)/($B$110-$B$92))) -> 0.91499283 | D97: =C97/2 -> 0.45749641 | E97: =PI()*D97^2 -> 0.65754467 | F97: =E97*0.00064516 -> 0.00042422152 | K97: =L97*1000 -> 594340.55 | L97: =(-202415*(C97^3))+(568354*(C97^2))-(534463*C97)+168850 -> 594.34055 | M97: =E97/$E$93 -> 1.2251985
A98: 3.4 | B98: 34 | C98: =C97+((($C$111-$C$93)/($B$110-$B$92))) -> 0.9591711 | D98: =C98/2 -> 0.47958555 | E98: =PI()*D98^2 -> 0.72257353 | F98: =E98*0.00064516 -> 0.00046617554 | K98: =L98*1000 -> 479089.97 | L98: =(-202415*(C98^3))+(568354*(C98^2))-(534463*C98)+168850 -> 479.08997 | M98: =E98/$E$93 -> 1.3463663
A99: 3.5 | B99: 35 | C99: =C98+((($C$111-$C$93)/($B$110-$B$92))) -> 1.0033494 | D99: =C99/2 -> 0.50167468 | E99: =PI()*D99^2 -> 0.79066815 | F99: =E99*0.00064516 -> 0.00051010746 | K99: =L99*1000 -> 400254.52 | L99: =404.77*(C99^(-3.355)) -> 400.25452 | M99: =E99/$E$93 -> 1.4732466
A100: 3.6 | B100: 36 | C100: =C99+((($C$111-$C$93)/($B$110-$B$92))) -> 1.0475276 | D100: =C100/2 -> 0.52376382 | E100: =PI()*D100^2 -> 0.86182852 | F100: =E100*0.00064516 -> 0.00055601729 | K100: =L100*1000 -> 346380.23 | L100: =404.77*(C100^(-3.355)) -> 346.38023 | M100: =E100/$E$93 -> 1.6058392
A101: 3.7 | B101: 37 | C101: =C100+((($C$111-$C$93)/($B$110-$B$92))) -> 1.0917059 | D101: =C101/2 -> 0.54585295 | E101: =PI()*D101^2 -> 0.93605464 | F101: =E101*0.00064516 -> 0.00060390501 | K101: =L101*1000 -> 301553.12 | L101: =404.77*(C101^(-3.355)) -> 301.55312 | M101: =E101/$E$93 -> 1.7441442
A102: 3.8 | B102: 38 | C102: =C101+((($C$111-$C$93)/($B$110-$B$92))) -> 1.1358842 | D102: =C102/2 -> 0.56794209 | E102: =PI()*D102^2 -> 1.0133465 | F102: =E102*0.00064516 -> 0.00065377064 | K102: =L102*1000 -> 263974.87 | L102: =404.77*(C102^(-3.355)) -> 263.97487 | M102: =E102/$E$93 -> 1.8881616
A103: 3.9 | B103: 39 | C103: =C102+((($C$111-$C$93)/($B$110-$B$92))) -> 1.1800624 | D103: =C103/2 -> 0.59003122 | E103: =PI()*D103^2 -> 1.0937042 | F103: =E103*0.00064516 -> 0.00070561417 | K103: =L103*1000 -> 232256.07 | L103: =404.77*(C103^(-3.355)) -> 232.25607 | M103: =E103/$E$93 -> 2.0378915
A104: 4 | B104: 40 | C104: =C103+((($C$111-$C$93)/($B$110-$B$92))) -> 1.2242407 | D104: =C104/2 -> 0.61212036 | E104: =PI()*D104^2 -> 1.1771275 | F104: =E104*0.00064516 -> 0.00075943561 | K104: =L104*1000 -> 205312.38 | L104: =404.77*(C104^(-3.355)) -> 205.31238 | M104: =E104/$E$93 -> 2.1933337
A105: 4.1 | B105: 41 | C105: =C104+((($C$111-$C$93)/($B$110-$B$92))) -> 1.268419 | D105: =C105/2 -> 0.6342095 | E105: =PI()*D105^2 -> 1.2636167 | F105: =E105*0.00064516 -> 0.00081523494 | K105: =L105*1000 -> 182289.58 | L105: =404.77*(C105^(-3.355)) -> 182.28958 | M105: =E105/$E$93 -> 2.3544883
A106: 4.2 | B106: 42 | C106: =C105+((($C$111-$C$93)/($B$110-$B$92))) -> 1.3125973 | D106: =C106/2 -> 0.65629863 | E106: =PI()*D106^2 -> 1.3531716 | F106: =E106*0.00064516 -> 0.00087301218 | K106: =L106*1000 -> 162508.9 | L106: =404.77*(C106^(-3.355)) -> 162.5089 | M106: =E106/$E$93 -> 2.5213554
A107: 4.3 | B107: 43 | C107: =C106+((($C$111-$C$93)/($B$110-$B$92))) -> 1.3567755 | D107: =C107/2 -> 0.67838777 | E107: =PI()*D107^2 -> 1.4457922 | F107: =E107*0.00064516 -> 0.00093276732 | K107: =L107*1000 -> 145426.64 | L107: =404.77*(C107^(-3.355)) -> 145.42664 | M107: =E107/$E$93 -> 2.6939348
A108: 4.4 | B108: 44 | C108: =C107+((($C$111-$C$93)/($B$110-$B$92))) -> 1.4009538 | D108: =C108/2 -> 0.7004769 | E108: =PI()*D108^2 -> 1.5414786 | F108: =E108*0.00064516 -> 0.00099450036 | K108: =L108*1000 -> 130603.98 | L108: =404.77*(C108^(-3.355)) -> 130.60398 | M108: =E108/$E$93 -> 2.8722266
A109: 4.5 | B109: 45 | C109: =C108+((($C$111-$C$93)/($B$110-$B$92))) -> 1.4451321 | D109: =C109/2 -> 0.72256604 | E109: =PI()*D109^2 -> 1.6402308 | F109: =E109*0.00064516 -> 0.0010582113 | K109: =L109*1000 -> 117684.3 | L109: =404.77*(C109^(-3.355)) -> 117.6843 | M109: =E109/$E$93 -> 3.0562308
A110: 4.6 | B110: 46 | C110: =C109+((($C$111-$C$93)/($B$110-$B$92))) -> 1.4893103 | D110: =C110/2 -> 0.74465517 | E110: =PI()*D110^2 -> 1.7420487 | F110: =E110*0.00064516 -> 0.0011239001 | K110: =L110*1000 -> 106375.83 | L110: =404.77*(C110^(-3.355)) -> 106.37583 | M110: =E110/$E$93 -> 3.2459474
A111: 4.7 | B111: Outlet | C111: =B55 -> 1.5334886 | D111: =C111/2 -> 0.76674431 | E111: =PI()*D111^2 -> 1.8469324 | F111: =E111*0.00064516 -> 0.0011915669 | K111: =L111*1000 -> 96438.412 | L111: =404.77*(C111^(-3.355)) -> 96.438412 | M111: =E111/$E$93 -> 3.4413765

Sheet Test and practical stuff
A1: Max Test duration | B1: 8 | C1: s
A2: Prop safety Margin | B2: 1.25 | C2: dim
A3: Oxidizer Mass req'd: | B3: =B1*'Engine Requirements'!B22 -> 2.4250795 | C3: kg
A4: Fuel Mass req'd: | B4: =B1*'Engine Requirements'!B23 -> 1.9246663 | C4: kg
B6: Stress Pressure | C6: 1000 | D6: PSI | E6: =C6*6894.76 -> 6894760 | F6: Pa
C7: 2.5 | D7: dim. | E7: ='Engine Requirements'!D2*'Test and practical stuff'!C7 -> 5722650.8 | F7: Pa
A8: Line OD | B8: Wall Thickness | C8: Line ID | D8: Area (in^2) | E8: Area (m^2) | F8: Feed Flow Velocity (m/s) | G8: Ox Flow Velocity | H8: Fuel Flow Velocity | I8: Wall Stress (MPa) | K8: Price
A9: 0.25 | B9: 0.035 | C9: =A9-(2*B9) -> 0.18 | D9: =PI()*(C9/2)^2 -> 0.0254469 | E9: =D9/1550 -> 1.6417355e-05 | F9: ='Engine Requirements'!$B$27/'Test and practical stuff'!E9 -> 33.384145 | G9: ='Engine Requirements'!$B$25/'Test and practical stuff'!E9 -> 16.182557 | H9: ='Engine Requirements'!$B$26/'Test and practical stuff'!E9 -> 17.201588 | I9: =((C9*'Test and practical stuff'!$E$7)/(2*'Test and practical stuff'!B9))/1000000 -> 14.715388
A10: 0.25 | B10: 0.049 | C10: =A10-(2*B10) -> 0.152 | D10: =PI()*(C10/2)^2 -> 0.018145839 | E10: =D10/1550 -> 1.1706993e-05 | F10: ='Engine Requirements'!$B$27/'Test and practical stuff'!E10 -> 46.816408 | G10: ='Engine Requirements'!$B$25/'Test and practical stuff'!E10 -> 22.693683 | H10: ='Engine Requirements'!$B$26/'Test and practical stuff'!E10 -> 24.122725 | I10: =((C10*'Test and practical stuff'!$E$7)/(2*'Test and practical stuff'!B10))/1000000 -> 8.8759482
A11: 0.25 | B11: 0.065 | C11: =A11-(2*B11) -> 0.12 | D11: =PI()*(C11/2)^2 -> 0.011309734 | E11: =D11/1550 -> 7.2966023e-06 | F11: ='Engine Requirements'!$B$27/'Test and practical stuff'!E11 -> 75.114326 | G11: ='Engine Requirements'!$B$25/'Test and practical stuff'!E11 -> 36.410754 | H11: ='Engine Requirements'!$B$26/'Test and practical stuff'!E11 -> 38.703573 | I11: =((C11*'Test and practical stuff'!$E$7)/(2*'Test and practical stuff'!B11))/1000000 -> 5.2824469
A12: 0.3125 | B12: 0.049 | C12: =A12-(2*B12) -> 0.2145 | D12: =PI()*(C12/2)^2 -> 0.036136366 | E12: =D12/1550 -> 2.3313784e-05 | F12: ='Engine Requirements'!$B$27/'Test and practical stuff'!E12 -> 23.508812 | G12: ='Engine Requirements'!$B$25/'Test and practical stuff'!E12 -> 11.39561 | H12: ='Engine Requirements'!$B$26/'Test and practical stuff'!E12 -> 12.113202 | I12: =((C12*'Test and practical stuff'!$E$7)/(2*'Test and practical stuff'!B12))/1000000 -> 12.525598
A13: 0.3125 | B13: 0.065 | C13: =A13-(2*B13) -> 0.1825 | D13: =PI()*(C13/2)^2 -> 0.026158668 | E13: =D13/1550 -> 1.687656e-05 | F13: ='Engine Requirements'!$B$27/'Test and practical stuff'!E13 -> 32.475776 | G13: ='Engine Requirements'!$B$25/'Test and practical stuff'!E13 -> 15.742236 | H13: ='Engine Requirements'!$B$26/'Test and practical stuff'!E13 -> 16.733539 | I13: =((C13*'Test and practical stuff'!$E$7)/(2*'Test and practical stuff'!B13))/1000000 -> 8.0337213
A14: 0.375 | B14: 0.035 | C14: =A14-(2*B14) -> 0.305 | D14: =PI()*(C14/2)^2 -> 0.073061664 | E14: =D14/1550 -> 4.7136558e-05 | F14: ='Engine Requirements'!$B$27/'Test and practical stuff'!E14 -> 11.62748 | G14: ='Engine Requirements'!$B$25/'Test and practical stuff'!E14 -> 5.636279 | H14: ='Engine Requirements'!$B$26/'Test and practical stuff'!E14 -> 5.9912007 | I14: =((C14*'Test and practical stuff'!$E$7)/(2*'Test and practical stuff'!B14))/1000000 -> 24.934407
A15: 0.375 | B15: 0.049 | C15: =A15-(2*B15) -> 0.277 | D15: =PI()*(C15/2)^2 -> 0.060262816 | E15: =D15/1550 -> 3.8879236e-05 | F15: ='Engine Requirements'!$B$27/'Test and practical stuff'!E15 -> 14.096969 | G15: ='Engine Requirements'!$B$25/'Test and practical stuff'!E15 -> 6.8333336 | H15: ='Engine Requirements'!$B$26/'Test and practical stuff'!E15 -> 7.2636349 | I15: =((C15*'Test and practical stuff'!$E$7)/(2*'Test and practical stuff'!B15))/1000000 -> 16.175248
A16: 0.375 | B16: 0.058 | C16: =A16-(2*B16) -> 0.259 | D16: =PI()*(C16/2)^2 -> 0.052685294 | E16: =D16/1550 -> 3.3990512e-05 | F16: ='Engine Requirements'!$B$27/'Test and practical stuff'!E16 -> 16.124481 | G16: ='Engine Requirements'!$B$25/'Test and practical stuff'!E16 -> 7.8161455 | H16: ='Engine Requirements'!$B$26/'Test and practical stuff'!E16 -> 8.3083354 | I16: =((C16*'Test and practical stuff'!$E$7)/(2*'Test and practical stuff'!B16))/1000000 -> 12.777298
A17: 0.375 | B17: 0.065 | C17: =A17-(2*B17) -> 0.245 | D17: =PI()*(C17/2)^2 -> 0.047143525 | E17: =D17/1550 -> 3.0415177e-05 | F17: ='Engine Requirements'!$B$27/'Test and practical stuff'!E17 -> 18.01993 | G17: ='Engine Requirements'!$B$25/'Test and practical stuff'!E17 -> 8.7349414 | H17: ='Engine Requirements'!$B$26/'Test and practical stuff'!E17 -> 9.2849887 | I17: =((C17*'Test and practical stuff'!$E$7)/(2*'Test and practical stuff'!B17))/1000000 -> 10.784996
A18: 0.4375 | B18: 0.035 | C18: =A18-(2*B18) -> 0.3675 | D18: =PI()*(C18/2)^2 -> 0.10607293 | E18: =D18/1550 -> 6.8434149e-05 | F18: ='Engine Requirements'!$B$27/'Test and practical stuff'!E18 -> 8.0088578 | G18: ='Engine Requirements'!$B$25/'Test and practical stuff'!E18 -> 3.8821962 | H18: ='Engine Requirements'!$B$26/'Test and practical stuff'!E18 -> 4.1266616 | I18: =((C18*'Test and practical stuff'!$E$7)/(2*'Test and practical stuff'!B18))/1000000 -> 30.043917
A19: 0.4375 | B19: 0.065 | C19: =A19-(2*B19) -> 0.3075 | D19: =PI()*(C19/2)^2 -> 0.074264305 | E19: =D19/1550 -> 4.7912455e-05 | F19: ='Engine Requirements'!$B$27/'Test and practical stuff'!E19 -> 11.439184 | G19: ='Engine Requirements'!$B$25/'Test and practical stuff'!E19 -> 5.5450048 | H19: ='Engine Requirements'!$B$26/'Test and practical stuff'!E19 -> 5.8941788 | I19: =((C19*'Test and practical stuff'!$E$7)/(2*'Test and practical stuff'!B19))/1000000 -> 13.53627
A20: 0.5 | B20: 0.028 | C20: =A20-(2*B20) -> 0.444 | D20: =PI()*(C20/2)^2 -> 0.15483025 | E20: =D20/1550 -> 9.9890485e-05 | F20: ='Engine Requirements'!$B$27/'Test and practical stuff'!E20 -> 5.4868025 | G20: ='Engine Requirements'!$B$25/'Test and practical stuff'!E20 -> 2.6596606 | H20: ='Engine Requirements'!$B$26/'Test and practical stuff'!E20 -> 2.8271419 | I20: =((C20*'Test and practical stuff'!$E$7)/(2*'Test and practical stuff'!B20))/1000000 -> 45.372446
... A26: 0.5 | B26: 0.12 | C26: =A26-(2*B26) -> 0.26 | D26: =PI()*(C26/2)^2 -> 0.053092916 | E26: =D26/1550 -> 3.4253494e-05 | F26: ='Engine Requirements'!$B$27/'Test and practical stuff'!E26 -> 16.000685 | G26: ='Engine Requirements'!$B$25/'Test and practical stuff'!E26 -> 7.7561369 | H26: ='Engine Requirements'!$B$26/'Test and practical stuff'!E26 -> 8.244548 | I26: =((C26*'Test and practical stuff'!$E$7)/(2*'Test and practical stuff'!B26))/1000000 -> 6.1995384
A28: 0.625
A30: Oxidizer Tank Stuff:
A31: Oxidizer Volume Req'd | B31: =B1*'Engine Requirements'!B25 -> 0.0021253983 | C31: m^3 | D31: =B31*1000 -> 2.1253983 | E31: liters
A32: Oxidizer Tank Inner Diameter | B32: =D32*0.0254 -> 0.0889 | C32: m | D32: 3.5 | E32: Inches
A33: Oxidizer Tank Depth Required | B33: =B31/(PI()*(B32/2)^2) -> 0.34241039 | C33: m | D33: =B33*39.3701 -> 13.480731 | E33: Inches
A36: Fuel Tank Stuff:
A37: Fuel Volume Req'd: | B37: ='Engine Requirements'!B26*'Test and practical stuff'!B1 -> 0.0022592366 | C37: m^3 | D37: =B37*1000 -> 2.2592366 | E37: liters
A38: Fuel Tank Inner Diameter | B38: =D38*0.0254 -> 0.0889 | C38: m | D38: 3.5 | E38: Inches
A39: Fuel Tank Depth Required | B39: =B37/(PI()*(B38/2)^2) -> 0.36397228 | C39: m | D39: =B39*39.3701 -> 14.329625 | E39: Inches
A41: Feed System Stuff
A42: Gas Volum Req'd by Engine: | B42: =B31+B37 -> 0.0043846349 | C42: m^3 | D42: =B42*1000 -> 4.3846349 | E42: liters | F42: =B42*35.3147 -> 0.15484207 | G42: ft^3 | I42: At System Pressure, not including Pneumatics

Sheet Strength Analysis
A1: Material Properties: | B1: Yield Stress | F1: Ultimate
A2: Aluminum 6061-T6 Room Temp | B2: 35 | C2: Ksi | D2: =B2*6.89476 -> 241.3166 | E2: MPa | F2: 42 | G2: Ksi | H2: =F2*6.89476 -> 289.57992 | I2: Mpa
A5: Generalized Prop Tank Analysis ---NOTE THAT I ASSUMED THIN WALLS, WHICH IS NOT A GREAT ASSUMPTION IN THIS CASE.
A6: Max Service Pressure: | B6: 1000 | C6: PSI | D6: =B6*6894.76 -> 6894760 | E6: Pa
A7: Proof Pressure: | B7: =B6*1.5 -> 1500 | C7: PSI | D7: =B7*6894.76 -> 10342140 | E7: Pa
A8: Burst Pressure:` | B8: =B6*2.5 -> 2500 | C8: PSI | D8: =B8*6894.76 -> 17236900 | E8: Pa
A10: Aluminum 6061-O, assuming T6 is lost in the welding process
A11: "Typical" Yield Strenth: | B11: 55 | C11: MPa | D11: =B11*0.14504 -> 7.9772 | E11: ksi | F11: Source: | G11: Matweb
A12: Ultimate Tensile Strength | B12: 124 | C12: Mpa | D12: =B12*0.14504 -> 17.98496 | E12: ksi
A13: Tank inner diameter: | B13: ='Test and practical stuff'!B32 -> 0.0889 | C13: m
A14: Wall thickness: | B14: =D14*0.0254 -> 0.00635 | C14: m | D14: 0.25 | E14: in
A15: Service Pressure Hoop Stress: | B15: =(B13*D6)/(2*B14) -> 48263320 | C15: Pa | D15: =B15/1000000 -> 48.26332 | E15: Mpa
A16: Service Pressure Factor of Safety: | B16: =B11/D15 -> 1.1395818 | C16: dim.
A17: Service Pressure Margin of Safety: | B17: =B16-1 -> 0.13958178 | C17: dim.
A18: Proof Pressure Hoop Stress: | B18: =(B13*D7)/(2*B14) -> 72394980 | C18: Pa | D18: =B18/1000000 -> 72.39498 | E18: Mpa
A19: Proof Pressure Factor of Safety: | B19: =B11/D18 -> 0.75972119 | C19: dim.
A20: Proof Pressure Margin of Safety: | B20: =B19-1 -> -0.24027881 | C20: dim.
A21: Burst Pressure Hoop Stress: | B21: =(B13*D8)/(2*B14) -> 120658300 | C21: Pa | D21: =B21/1000000 -> 120.6583 | E21: Mpa
A22: Burst Pressure Factor of Safety: | B22: =B12/D21 -> 1.0276956 | C22: dim.
A23: Burst Pressure Margin of Safety: | B23: =B22-1 -> 0.027695567 | C23: dim.
A25: Longitudinal Stress
A26: Service Longitudinal Stress: | B26: =(D6*B13)/(4*B14) -> 24131660 | C26: Pa | D26: =B26/1000000 -> 24.13166 | E26: Mpa
A27: Service Factor of Safety: | B27: =B11/D26 -> 2.2791636 | C27: dim.
A28: Service Margin of Safety: | B28: =B27-1 -> 1.2791636 | C28: dim.
A29: Proof Longitudinal Stress: | B29: =(D7*B13)/(4*B14) -> 36197490 | C29: Pa | D29: =B29/1000000 -> 36.19749 | E29: MPa
A30: Proof Factor of Safety: | B30: =B11/D29 -> 1.5194424 | C30: dim.
A31: Proof Margin of Safety: | B31: =B30-1 -> 0.51944237 | C31: dim.
A32: Burst Longitudinal Stress: | B32: =(D8*B13)/(4*B14) -> 60329150 | C32: Pa | D32: =B32/1000000 -> 60.32915 | E32: Mpa
A33: Burst Factor of Safety: | B33: =B12/D32 -> 2.0553911 | C33: dim.
A34: Burst Margin of Safety: | B34: =B33-1 -> 1.0553911 | C34: dim.
A36: Steel 304
A37: "Typical" Yield Strenth: | B37: =D37*6.8948 -> 179.2648 | C37: MPa | D37: 26 | E37: ksi | F37: Source: | G37: MMPDS
A38: Ultimate Tensile Strength | B38: =D38*6.8948 -> 503.3204 | C38: Mpa | D38: 73 | E38: ksi | F38: Source: | G38: MMPDS
A39: Tank inner diameter: | B39: ='Test and practical stuff'!B32 -> 0.0889 | C39: m
A40: Wall thickness: | B40: =D40*0.0254 -> 0.00635 | C40: m | D40: 0.25 | E40: in
A41: Service Pressure Hoop Stress: | B41: =(B39*D6)/(2*B40) -> 48263320 | C41: Pa | D41: =B41/1000000 -> 48.26332 | E41: Mpa
A42: Service Pressure Factor of Safety: | B42: =B37/D41 -> 3.7143073 | C42: dim.
A43: Service Pressure Margin of Safety: | B43: =B42-1 -> 2.7143073 | C43: dim.
A44: Proof Pressure Hoop Stress: | B44: =(B39*D7)/(2*B40) -> 72394980 | C44: Pa | D44: =B44/1000000 -> 72.39498 | E44: Mpa
A45: Proof Pressure Factor of Safety: | B45: =B37/D44 -> 2.4762048 | C45: dim.
A46: Proof Pressure Margin of Safety: | B46: =B45-1 -> 1.4762048 | C46: dim.
A47: Burst Pressure Hoop Stress: | B47: =(B39*D8)/(2*B40) -> 120658300 | C47: Pa | D47: =B47/1000000 -> 120.6583 | E47: Mpa
A48: Burst Pressure Factor of Safety: | B48: =B38/D47 -> 4.1714528 | C48: dim.
A49: Burst Pressure Margin of Safety: | B49: =B48-1 -> 3.1714528 | C49: dim.
A51: Stress on End cap
A52: Service Longitudinal Stress: | B52: =(D6*B39)/(4*B40) -> 24131660 | C52: Pa | D52: =B52/1000000 -> 24.13166 | E52: Mpa
A53: Service Factor of Safety: | B53: =B37/D52 -> 7.4286145 | C53: dim.
A54: Service Margin of Safety: | B54: =B53-1 -> 6.4286145 | C54: dim.
A55: Proof Longitudinal Stress: | B55: =(D7*B39)/(4*B40) -> 36197490 | C55: Pa | D55: =B55/1000000 -> 36.19749 | E55: MPa
A56: Proof Factor of Safety: | B56: =B37/D55 -> 4.9524097 | C56: dim.
A57: Proof Margin of Safety: | B57: =B56-1 -> 3.9524097 | C57: dim.
A58: Burst Longitudinal Stress: | B58: =(D8*B39)/(4*B40) -> 60329150 | C58: Pa | D58: =B58/1000000 -> 60.32915 | E58: Mpa
A59: Burst Factor of Safety: | B59: =B38/D58 -> 8.3429055 | C59: dim.
A60: Burst Margin of Safety: | B60: =B59-1 -> 7.3429055 | C60: dim.
A110: "Play" Engine Chamber Structural Analysis:
A111: Overpressure Factor: | B111: 1.5
A112: Max Service Pressure: | B112: ='Engine Requirements'!B2*B111 -> 498 | C112: psi | D112: =B112*6894.76 -> 3433590.5 | E112: Pa
D113: =D112*1.5 -> 5150385.7 | E113: Pa
D114: =D112*2.5 -> 8583976.2 | E114: Pa
A115: Steel 304
A116: "Typical" Yield Strenth: | B116: =D116*6.8948 -> 179.2648 | C116: MPa | D116: 26 | E116: ksi | F116: Source: | G116: MMPDS
A117: Ultimate Tensile Strength | B117: =D117*6.8948 -> 503.3204 | C117: Mpa | D117: 73 | E117: ksi | F117: Source: | G117: MMPDS
A118: Chamber inner diameter: | B118: 0.0888 | C118: m | E118: in
A119: Wall thickness: | B119: =D119*0.0254 -> 0.00635 | C119: m | D119: 0.25 | E119: in
A120: Service Pressure Hoop Stress: | B120: =(B118*D112)/(2*B119) -> 24008097 | C120: Pa | D120: =B120/1000000 -> 24.008097 | E120: Mpa
A121: Service Pressure Factor of Safety: | B121: =B116/D120 -> 7.4668475 | C121: dim.
A122: Service Pressure Margin of Safety: | B122: =B121-1 -> 6.4668475 | C122: dim.
A123: Proof Pressure Hoop Stress: | B123: =(B118*D113)/(2*B119) -> 36012146 | C123: Pa | D123: =B123/1000000 -> 36.012146 | E123: Mpa
A124: Proof Pressure Factor of Safety: | B124: =B116/D123 -> 4.9778983 | C124: dim.
A125: Proof Pressure Margin of Safety: | B125: =B124-1 -> 3.9778983 | C125: dim.
A126: Burst Pressure Hoop Stress: | B126: =(B118*D114)/(2*B119) -> 60020243 | C126: Pa | D126: =B126/1000000 -> 60.020243 | E126: Mpa
A127: Burst Pressure Factor of Safety: | B127: =B117/D126 -> 8.3858441 | C127: dim.
A128: Burst Pressure Margin of Safety: | B128: =B127-1 -> 7.3858441 | C128: dim.

Sheet Solution of Isentropic Expansio
A1: Pressure (kPa) | B1: Pressure (Pa) | C1: Temperature (K) | D1: Specific Volume: | E1: V2 (m/s) | F1: Area: (m^2) | G1: Area: (in^2) | H1: Diameter: (m) | I1: Diameter: (in) | K1: Mach: (m/s)
A2: 98 | B2: =A2*1000 -> 98000 | C2: ='Engine Requirements'!$G$62*(B2/'Engine Requirements'!$K$62)^(('Combustion Analysis'!$B$58-1)/'Combustion Analysis'!$B$58) -> 1418.9639 | D2: ='Engine Requirements'!$J$62*('Engine Requirements'!$K$62/B2)^(1/'Combustion Analysis'!$B$58) -> 4.4928891 | E2: =SQRT(((2*'Combustion Analysis'!$B$58)/('Combustion Analysis'!$B$58-1))*'Combustion Analysis'!$B$69*'Engine Requirements'!$G$62*(1-('Solution of Isentropic Expansio'!B2/'Engine Requirements'!$K$62)^(('Combustion Analysis'!$B$58-1)/'Combustion Analysis'!$B$58))) -> 2050.2766 | F2: =('Engine Requirements'!$B$24*'Solution of Isentropic Expansio'!D2)/'Solution of Isentropic Expansio'!E2 -> 0.001191481 | G2: =F2*1550 -> 1.8467956 | H2: =(2*SQRT(F2/PI())) -> 0.038949208 | I2: =H2*39.3701 -> 1.5334342 | K2: =SQRT('Combustion Analysis'!$B$58*'Combustion Analysis'!$B$69*'Solution of Isentropic Expansio'!C2) -> 765.00479
A3: 100 | B3: =A3*1000 -> 100000 | C3: ='Engine Requirements'!$G$62*(B3/'Engine Requirements'!$K$62)^(('Combustion Analysis'!$B$58-1)/'Combustion Analysis'!$B$58) -> 1426.0809 | D3: ='Engine Requirements'!$J$62*('Engine Requirements'!$K$62/B3)^(1/'Combustion Analysis'!$B$58) -> 4.4251153 | E3: =SQRT(((2*'Combustion Analysis'!$B$58)/('Combustion Analysis'!$B$58-1))*'Combustion Analysis'!$B$69*'Engine Requirements'!$G$62*(1-('Solution of Isentropic Expansio'!B3/'Engine Requirements'!$K$62)^(('Combustion Analysis'!$B$58-1)/'Combustion Analysis'!$B$58))) -> 2045.9225 | F3: =('Engine Requirements'!$B$24*'Solution of Isentropic Expansio'!D3)/'Solution of Isentropic Expansio'!E3 -> 0.0011760053 | G3: =F3*1550 -> 1.8228083 | H3: =(2*SQRT(F3/PI())) -> 0.038695433 | I3: =H3*39.3701 -> 1.5234431 | K3: =SQRT('Combustion Analysis'!$B$58*'Combustion Analysis'!$B$69*'Solution of Isentropic Expansio'!C3) -> 766.92087
A4: 150 | B4: =A4*1000 -> 150000 | C4: ='Engine Requirements'!$G$62*(B4/'Engine Requirements'!$K$62)^(('Combustion Analysis'!$B$58-1)/'Combustion Analysis'!$B$58) -> 1576.7109 | D4: ='Engine Requirements'!$J$62*('Engine Requirements'!$K$62/B4)^(1/'Combustion Analysis'!$B$58) -> 3.2616792 | E4: =SQRT(((2*'Combustion Analysis'!$B$58)/('Combustion Analysis'!$B$58-1))*'Combustion Analysis'!$B$69*'Engine Requirements'!$G$62*(1-('Solution of Isentropic Expansio'!B4/'Engine Requirements'!$K$62)^(('Combustion Analysis'!$B$58-1)/'Combustion Analysis'!$B$58))) -> 1951.4913 | F4: =('Engine Requirements'!$B$24*'Solution of Isentropic Expansio'!D4)/'Solution of Isentropic Expansio'!E4 -> 0.00090875854 | G4: =F4*1550 -> 1.4085757 | H4: =(2*SQRT(F4/PI())) -> 0.034015692 | I4: =H4*39.3701 -> 1.3392012 | K4: =SQRT('Combustion Analysis'!$B$58*'Combustion Analysis'!$B$69*'Solution of Isentropic Expansio'!C4) -> 806.40742
A5: 200 | B5: =A5*1000 -> 200000 | C5: ='Engine Requirements'!$G$62*(B5/'Engine Requirements'!$K$62)^(('Combustion Analysis'!$B$58-1)/'Combustion Analysis'!$B$58) -> 1693.1381 | D5: ='Engine Requirements'!$J$62*('Engine Requirements'!$K$62/B5)^(1/'Combustion Analysis'!$B$58) -> 2.6268956 | E5: =SQRT(((2*'Combustion Analysis'!$B$58)/('Combustion Analysis'!$B$58-1))*'Combustion Analysis'!$B$69*'Engine Requirements'!$G$62*(1-('Solution of Isentropic Expansio'!B5/'Engine Requirements'!$K$62)^(('Combustion Analysis'!$B$58-1)/'Combustion Analysis'!$B$58))) -> 1875.2468 | F5: =('Engine Requirements'!$B$24*'Solution of Isentropic Expansio'!D5)/'Solution of Isentropic Expansio'!E5 -> 0.00076165495 | G5: =F5*1550 -> 1.1805652 | H5: =(2*SQRT(F5/PI())) -> 0.031141118 | I5: =H5*39.3701 -> 1.2260289 | K5: =SQRT('Combustion Analysis'!$B$58*'Combustion Analysis'!$B$69*'Solution of Isentropic Expansio'!C5) -> 835.65049
A6: 250 | B6: =A6*1000 -> 250000 | C6: ='Engine Requirements'!$G$62*(B6/'Engine Requirements'!$K$62)^(('Combustion Analysis'!$B$58-1)/'Combustion Analysis'!$B$58) -> 1789.3345 | D6: ='Engine Requirements'!$J$62*('Engine Requirements'!$K$62/B6)^(1/'Combustion Analysis'!$B$58) -> 2.2209152 | E6: =SQRT(((2*'Combustion Analysis'!$B$58)/('Combustion Analysis'!$B$58-1))*'Combustion Analysis'!$B$69*'Engine Requirements'!$G$62*(1-('Solution of Isentropic Expansio'!B6/'Engine Requirements'!$K$62)^(('Combustion Analysis'!$B$58-1)/'Combustion Analysis'!$B$58))) -> 1809.8291 | F6: =('Engine Requirements'!$B$24*'Solution of Isentropic Expansio'!D6)/'Solution of Isentropic Expansio'!E6 -> 0.00066721884 | G6: =F6*1550 -> 1.0341892 | H6: =(2*SQRT(F6/PI())) -> 0.029146688 | I6: =H6*39.3701 -> 1.147508 | K6: =SQRT('Combustion Analysis'!$B$58*'Combustion Analysis'!$B$69*'Solution of Isentropic Expansio'!C6) -> 859.0615
A7: 300 | B7: =A7*1000 -> 300000 | C7: ='Engine Requirements'!$G$62*(B7/'Engine Requirements'!$K$62)^(('Combustion Analysis'!$B$58-1)/'Combustion Analysis'!$B$58) -> 1871.9761 | D7: ='Engine Requirements'!$J$62*('Engine Requirements'!$K$62/B7)^(1/'Combustion Analysis'!$B$58) -> 1.9362413 | E7: =SQRT(((2*'Combustion Analysis'!$B$58)/('Combustion Analysis'!$B$58-1))*'Combustion Analysis'!$B$69*'Engine Requirements'!$G$62*(1-('Solution of Isentropic Expansio'!B7/'Engine Requirements'!$K$62)^(('Combustion Analysis'!$B$58-1)/'Combustion Analysis'!$B$58))) -> 1751.6794 | F7: =('Engine Requirements'!$B$24*'Solution of Isentropic Expansio'!D7)/'Solution of Isentropic Expansio'!E7 -> 0.00060100591 | G7: =F7*1550 -> 0.93155916 | H7: =(2*SQRT(F7/PI())) -> 0.027662691 | I7: =H7*39.3701 -> 1.0890829 | K7: =SQRT('Combustion Analysis'!$B$58*'Combustion Analysis'!$B$69*'Solution of Isentropic Expansio'!C7) -> 878.67573
A8: 350 | B8: =A8*1000 -> 350000 | C8: ='Engine Requirements'!$G$62*(B8/'Engine Requirements'!$K$62)^(('Combustion Analysis'!$B$58-1)/'Combustion Analysis'!$B$58) -> 1944.8193 | D8: ='Engine Requirements'!$J$62*('Engine Requirements'!$K$62/B8)^(1/'Combustion Analysis'!$B$58) -> 1.7242159 | E8: =SQRT(((2*'Combustion Analysis'!$B$58)/('Combustion Analysis'!$B$58-1))*'Combustion Analysis'!$B$69*'Engine Requirements'!$G$62*(1-('Solution of Isentropic Expansio'!B8/'Engine Requirements'!$K$62)^(('Combustion Analysis'!$B$58-1)/'Combustion Analysis'!$B$58))) -> 1698.7745 | F8: =('Engine Requirements'!$B$24*'Solution of Isentropic Expansio'!D8)/'Solution of Isentropic Expansio'!E8 -> 0.00055186112 | G8: =F8*1550 -> 0.85538474 | H8: =(2*SQRT(F8/PI())) -> 0.026507573 | I8: =H8*39.3701 -> 1.0436058 | K8: =SQRT('Combustion Analysis'!$B$58*'Combustion Analysis'!$B$69*'Solution of Isentropic Expansio'!C8) -> 895.6083
A9: 400 | B9: =A9*1000 -> 400000 | C9: ='Engine Requirements'!$G$62*(B9/'Engine Requirements'!$K$62)^(('Combustion Analysis'!$B$58-1)/'Combustion Analysis'!$B$58) -> 2010.2062 | D9: ='Engine Requirements'!$J$62*('Engine Requirements'!$K$62/B9)^(1/'Combustion Analysis'!$B$58) -> 1.5594127 | E9: =SQRT(((2*'Combustion Analysis'!$B$58)/('Combustion Analysis'!$B$58-1))*'Combustion Analysis'!$B$69*'Engine Requirements'!$G$62*(1-('Solution of Isentropic Expansio'!B9/'Engine Requirements'!$K$62)^(('Combustion Analysis'!$B$58-1)/'Combustion Analysis'!$B$58))) -> 1649.8408 | F9: =('Engine Requirements'!$B$24*'Solution of Isentropic Expansio'!D9)/'Solution of Isentropic Expansio'!E9 -> 0.0005139169 | G9: =F9*1550 -> 0.7965712 | H9: =(2*SQRT(F9/PI())) -> 0.025580057 | I9: =H9*39.3701 -> 1.0070894 | K9: =SQRT('Combustion Analysis'!$B$58*'Combustion Analysis'!$B$69*'Solution of Isentropic Expansio'!C9) -> 910.53949
A10: 450 | B10: =A10*1000 -> 450000 | C10: ='Engine Requirements'!$G$62*(B10/'Engine Requirements'!$K$62)^(('Combustion Analysis'!$B$58-1)/'Combustion Analysis'!$B$58) -> 2069.7039 | D10: ='Engine Requirements'!$J$62*('Engine Requirements'!$K$62/B10)^(1/'Combustion Analysis'!$B$58) -> 1.4271714 | E10: =SQRT(((2*'Combustion Analysis'!$B$58)/('Combustion Analysis'!$B$58-1))*'Combustion Analysis'!$B$69*'Engine Requirements'!$G$62*(1-('Solution of Isentropic Expansio'!B10/'Engine Requirements'!$K$62)^(('Combustion Analysis'!$B$58-1)/'Combustion Analysis'!$B$58))) -> 1604.0177 | F10: =('Engine Requirements'!$B$24*'Solution of Isentropic Expansio'!D10)/'Solution of Isentropic Expansio'!E10 -> 0.00048377215 | G10: =F10*1550 -> 0.74984684 | H10: =(2*SQRT(F10/PI())) -> 0.024818498 | I10: =H10*39.3701 -> 0.97710674 | K10: =SQRT('Combustion Analysis'!$B$58*'Combustion Analysis'!$B$69*'Solution of Isentropic Expansio'!C10) -> 923.91622
A11: 500 | B11: =A11*1000 -> 500000 | C11: ='Engine Requirements'!$G$62*(B11/'Engine Requirements'!$K$62)^(('Combustion Analysis'!$B$58-1)/'Combustion Analysis'!$B$58) -> 2124.417 | D11: ='Engine Requirements'!$J$62*('Engine Requirements'!$K$62/B11)^(1/'Combustion Analysis'!$B$58) -> 1.3184092 | E11: =SQRT(((2*'Combustion Analysis'!$B$58)/('Combustion Analysis'!$B$58-1))*'Combustion Analysis'!$B$69*'Engine Requirements'!$G$62*(1-('Solution of Isentropic Expansio'!B11/'Engine Requirements'!$K$62)^(('Combustion Analysis'!$B$58-1)/'Combustion Analysis'!$B$58))) -> 1560.6925 | F11: =('Engine Requirements'!$B$24*'Solution of Isentropic Expansio'!D11)/'Solution of Isentropic Expansio'!E11 -> 0.0004593109 | G11: =F11*1550 -> 0.7119319 | H11: =(2*SQRT(F11/PI())) -> 0.024182903 | I11: =H11*39.3701 -> 0.95208331 | K11: =SQRT('Combustion Analysis'!$B$58*'Combustion Analysis'!$B$69*'Solution of Isentropic Expansio'!C11) -> 936.04854
A12: 550 | B12: =A12*1000 -> 550000 | C12: ='Engine Requirements'!$G$62*(B12/'Engine Requirements'!$K$62)^(('Combustion Analysis'!$B$58-1)/'Combustion Analysis'!$B$58) -> 2175.1561 | D12: ='Engine Requirements'!$J$62*('Engine Requirements'!$K$62/B12)^(1/'Combustion Analysis'!$B$58) -> 1.2271797 | E12: =SQRT(((2*'Combustion Analysis'!$B$58)/('Combustion Analysis'!$B$58-1))*'Combustion Analysis'!$B$69*'Engine Requirements'!$G$62*(1-('Solution of Isentropic Expansio'!B12/'Engine Requirements'!$K$62)^(('Combustion Analysis'!$B$58-1)/'Combustion Analysis'!$B$58))) -> 1519.4106 | F12: =('Engine Requirements'!$B$24*'Solution of Isentropic Expansio'!D12)/'Solution of Isentropic Expansio'!E12 -> 0.00043914395 | G12: =F12*1550 -> 0.68067312 | H12: =(2*SQRT(F12/PI())) -> 0.023646045 | I12: =H12*39.3701 -> 0.93094716 | K12: =SQRT('Combustion Analysis'!$B$58*'Combustion Analysis'!$B$69*'Solution of Isentropic Expansio'!C12) -> 947.16075
A13: 600 | B13: =A13*1000 -> 600000 | C13: ='Engine Requirements'!$G$62*(B13/'Engine Requirements'!$K$62)^(('Combustion Analysis'!$B$58-1)/'Combustion Analysis'!$B$58) -> 2222.5346 | D13: ='Engine Requirements'!$J$62*('Engine Requirements'!$K$62/B13)^(1/'Combustion Analysis'!$B$58) -> 1.1494173 | E13: =SQRT(((2*'Combustion Analysis'!$B$58)/('Combustion Analysis'!$B$58-1))*'Combustion Analysis'!$B$69*'Engine Requirements'!$G$62*(1-('Solution of Isentropic Expansio'!B13/'Engine Requirements'!$K$62)^(('Combustion Analysis'!$B$58-1)/'Combustion Analysis'!$B$58))) -> 1479.8235 | F13: =('Engine Requirements'!$B$24*'Solution of Isentropic Expansio'!D13)/'Solution of Isentropic Expansio'!E13 -> 0.00042232004 | G13: =F13*1550 -> 0.65459606 | H13: =(2*SQRT(F13/PI())) -> 0.023188673 | I13: =H13*39.3701 -> 0.91294039 | K13: =SQRT('Combustion Analysis'!$B$58*'Combustion Analysis'!$B$69*'Solution of Isentropic Expansio'!C13) -> 957.42055
A14: 650 | B14: =A14*1000 -> 650000 | C14: ='Engine Requirements'!$G$62*(B14/'Engine Requirements'!$K$62)^(('Combustion Analysis'!$B$58-1)/'Combustion Analysis'!$B$58) -> 2267.0294 | D14: ='Engine Requirements'!$J$62*('Engine Requirements'!$K$62/B14)^(1/'Combustion Analysis'!$B$58) -> 1.0822416 | E14: =SQRT(((2*'Combustion Analysis'!$B$58)/('Combustion Analysis'!$B$58-1))*'Combustion Analysis'!$B$69*'Engine Requirements'!$G$62*(1-('Solution of Isentropic Expansio'!B14/'Engine Requirements'!$K$62)^(('Combustion Analysis'!$B$58-1)/'Combustion Analysis'!$B$58))) -> 1441.6564 | F14: =('Engine Requirements'!$B$24*'Solution of Isentropic Expansio'!D14)/'Solution of Isentropic Expansio'!E14 -> 0.00040816556 | G14: =F14*1550 -> 0.63265662 | H14: =(2*SQRT(F14/PI())) -> 0.022796766 | I14: =H14*39.3701 -> 0.89751095 | K14: =SQRT('Combustion Analysis'!$B$58*'Combustion Analysis'!$B$69*'Solution of Isentropic Expansio'!C14) -> 966.95677
A15: 700 | B15: =A15*1000 -> 700000 | C15: ='Engine Requirements'!$G$62*(B15/'Engine Requirements'!$K$62)^(('Combustion Analysis'!$B$58-1)/'Combustion Analysis'!$B$58) -> 2309.0189 | D15: ='Engine Requirements'!$J$62*('Engine Requirements'!$K$62/B15)^(1/'Combustion Analysis'!$B$58) -> 1.0235519 | E15: =SQRT(((2*'Combustion Analysis'!$B$58)/('Combustion Analysis'!$B$58-1))*'Combustion Analysis'!$B$69*'Engine Requirements'!$G$62*(1-('Solution of Isentropic Expansio'!B15/'Engine Requirements'!$K$62)^(('Combustion Analysis'!$B$58-1)/'Combustion Analysis'!$B$58))) -> 1404.6875 | F15: =('Engine Requirements'!$B$24*'Solution of Isentropic Expansio'!D15)/'Solution of Isentropic Expansio'!E15 -> 0.0003961905 | G15: =F15*1550 -> 0.61409528 | H15: =(2*SQRT(F15/PI())) -> 0.022459862 | I15: =H15*39.3701 -> 0.88424703 | K15: =SQRT('Combustion Analysis'!$B$58*'Combustion Analysis'!$B$69*'Solution of Isentropic Expansio'!C15) -> 975.87058 | L15: =F26*'Engine Requirements'!D2 -> 792.57982 | M15: N
A16: 750 | B16: =A16*1000 -> 750000 | C16: ='Engine Requirements'!$G$62*(B16/'Engine Requirements'!$K$62)^(('Combustion Analysis'!$B$58-1)/'Combustion Analysis'!$B$58) -> 2348.809 | D16: ='Engine Requirements'!$J$62*('Engine Requirements'!$K$62/B16)^(1/'Combustion Analysis'!$B$58) -> 0.97177757 | E16: =SQRT(((2*'Combustion Analysis'!$B$58)/('Combustion Analysis'!$B$58-1))*'Combustion Analysis'!$B$69*'Engine Requirements'!$G$62*(1-('Solution of Isentropic Expansio'!B16/'Engine Requirements'!$K$62)^(('Combustion Analysis'!$B$58-1)/'Combustion Analysis'!$B$58))) -> 1368.7339 | F16: =('Engine Requirements'!$B$24*'Solution of Isentropic Expansio'!D16)/'Solution of Isentropic Expansio'!E16 -> 0.00038603059 | G16: =F16*1550 -> 0.59834742 | H16: =(2*SQRT(F16/PI())) -> 0.022170012 | I16: =H16*39.3701 -> 0.87283557 | K16: =SQRT('Combustion Analysis'!$B$58*'Combustion Analysis'!$B$69*'Solution of Isentropic Expansio'!C16) -> 984.24299
A17: 800 | B17: =A17*1000 -> 800000 | C17: ='Engine Requirements'!$G$62*(B17/'Engine Requirements'!$K$62)^(('Combustion Analysis'!$B$58-1)/'Combustion Analysis'!$B$58) -> 2386.6506 | D17: ='Engine Requirements'!$J$62*('Engine Requirements'!$K$62/B17)^(1/'Combustion Analysis'!$B$58) -> 0.92571923 | E17: =SQRT(((2*'Combustion Analysis'!$B$58)/('Combustion Analysis'!$B$58-1))*'Combustion Analysis'!$B$69*'Engine Requirements'!$G$62*(1-('Solution of Isentropic Expansio'!B17/'Engine Requirements'!$K$62)^(('Combustion Analysis'!$B$58-1)/'Combustion Analysis'!$B$58))) -> 1333.6421 | F17: =('Engine Requirements'!$B$24*'Solution of Isentropic Expansio'!D17)/'Solution of Isentropic Expansio'!E17 -> 0.00037741042 | G17: =F17*1550 -> 0.58498616 | H17: =(2*SQRT(F17/PI())) -> 0.021921083 | I17: =H17*39.3701 -> 0.86303523 | K17: =SQRT('Combustion Analysis'!$B$58*'Combustion Analysis'!$B$69*'Solution of Isentropic Expansio'!C17) -> 992.13987
A18: 850 | B18: =A18*1000 -> 850000 | C18: ='Engine Requirements'!$G$62*(B18/'Engine Requirements'!$K$62)^(('Combustion Analysis'!$B$58-1)/'Combustion Analysis'!$B$58) -> 2422.7524 | D18: ='Engine Requirements'!$J$62*('Engine Requirements'!$K$62/B18)^(1/'Combustion Analysis'!$B$58) -> 0.88444442 | E18: =SQRT(((2*'Combustion Analysis'!$B$58)/('Combustion Analysis'!$B$58-1))*'Combustion Analysis'!$B$69*'Engine Requirements'!$G$62*(1-('Solution of Isentropic Expansio'!B18/'Engine Requirements'!$K$62)^(('Combustion Analysis'!$B$58-1)/'Combustion Analysis'!$B$58))) -> 1299.2804 | F18: =('Engine Requirements'!$B$24*'Solution of Isentropic Expansio'!D18)/'Solution of Isentropic Expansio'!E18 -> 0.00037011915 | G18: =F18*1550 -> 0.57368468 | H18: =(2*SQRT(F18/PI())) -> 0.021708301 | I18: =H18*39.3701 -> 0.85465799 | K18: =SQRT('Combustion Analysis'!$B$58*'Combustion Analysis'!$B$69*'Solution of Isentropic Expansio'!C18) -> 999.61554
A19: 900 | B19: =A19*1000 -> 900000 | C19: ='Engine Requirements'!$G$62*(B19/'Engine Requirements'!$K$62)^(('Combustion Analysis'!$B$58-1)/'Combustion Analysis'!$B$58) -> 2457.2902 | D19: ='Engine Requirements'!$J$62*('Engine Requirements'!$K$62/B19)^(1/'Combustion Analysis'!$B$58) -> 0.84721644 | E19: =SQRT(((2*'Combustion Analysis'!$B$58)/('Combustion Analysis'!$B$58-1))*'Combustion Analysis'!$B$69*'Engine Requirements'!$G$62*(1-('Solution of Isentropic Expansio'!B19/'Engine Requirements'!$K$62)^(('Combustion Analysis'!$B$58-1)/'Combustion Analysis'!$B$58))) -> 1265.5345 | F19: =('Engine Requirements'!$B$24*'Solution of Isentropic Expansio'!D19)/'Solution of Isentropic Expansio'!E19 -> 0.00036399404 | G19: =F19*1550 -> 0.56419077 | H19: =(2*SQRT(F19/PI())) -> 0.021527926 | I19: =H19*39.3701 -> 0.84755661 | K19: =SQRT('Combustion Analysis'!$B$58*'Combustion Analysis'!$B$69*'Solution of Isentropic Expansio'!C19) -> 1006.7154
A20: 950 | B20: =A20*1000 -> 950000 | C20: ='Engine Requirements'!$G$62*(B20/'Engine Requirements'!$K$62)^(('Combustion Analysis'!$B$58-1)/'Combustion Analysis'!$B$58) -> 2490.4131 | D20: ='Engine Requirements'!$J$62*('Engine Requirements'!$K$62/B20)^(1/'Combustion Analysis'!$B$58) -> 0.81344506 | E20: =SQRT(((2*'Combustion Analysis'!$B$58)/('Combustion Analysis'!$B$58-1))*'Combustion Analysis'!$B$69*'Engine Requirements'!$G$62*(1-('Solution of Isentropic Expansio'!B20/'Engine Requirements'!$K$62)^(('Combustion Analysis'!$B$58-1)/'Combustion Analysis'!$B$58))) -> 1232.3032 | F20: =('Engine Requirements'!$B$24*'Solution of Isentropic Expansio'!D20)/'Solution of Isentropic Expansio'!E20 -> 0.00035890916 | G20: =F20*1550 -> 0.5563092 | H20: =(2*SQRT(F20/PI())) -> 0.021377028 | I20: =H20*39.3701 -> 0.84161574 | K20: =SQRT('Combustion Analysis'!$B$58*'Combustion Analysis'!$B$69*'Solution of Isentropic Expansio'!C20) -> 1013.4777
A21: 1000 | B21: =A21*1000 -> 1000000 | C21: ='Engine Requirements'!$G$62*(B21/'Engine Requirements'!$K$62)^(('Combustion Analysis'!$B$58-1)/'Combustion Analysis'!$B$58) -> 2522.2493 | D21: ='Engine Requirements'!$J$62*('Engine Requirements'!$K$62/B21)^(1/'Combustion Analysis'!$B$58) -> 0.78265154 | E21: =SQRT(((2*'Combustion Analysis'!$B$58)/('Combustion Analysis'!$B$58-1))*'Combustion Analysis'!$B$69*'Engine Requirements'!$G$62*(1-('Solution of Isentropic Expansio'!B21/'Engine Requirements'!$K$62)^(('Combustion Analysis'!$B$58-1)/'Combustion Analysis'!$B$58))) -> 1199.4954 | F21: =('Engine Requirements'!$B$24*'Solution of Isentropic Expansio'!D21)/'Solution of Isentropic Expansio'!E21 -> 0.00035476742 | G21: =F21*1550 -> 0.54988949 | H21: =(2*SQRT(F21/PI())) -> 0.021253327 | I21: =H21*39.3701 -> 0.8367456 | K21: =SQRT('Combustion Analysis'!$B$58*'Combustion Analysis'!$B$69*'Solution of Isentropic Expansio'!C21) -> 1019.935
A22: 1050 | B22: =A22*1000 -> 1050000 | C22: ='Engine Requirements'!$G$62*(B22/'Engine Requirements'!$K$62)^(('Combustion Analysis'!$B$58-1)/'Combustion Analysis'!$B$58) -> 2552.9094 | D22: ='Engine Requirements'!$J$62*('Engine Requirements'!$K$62/B22)^(1/'Combustion Analysis'!$B$58) -> 0.75444319 | E22: =SQRT(((2*'Combustion Analysis'!$B$58)/('Combustion Analysis'!$B$58-1))*'Combustion Analysis'!$B$69*'Engine Requirements'!$G$62*(1-('Solution of Isentropic Expansio'!B22/'Engine Requirements'!$K$62)^(('Combustion Analysis'!$B$58-1)/'Combustion Analysis'!$B$58))) -> 1167.0281 | F22: =('Engine Requirements'!$B$24*'Solution of Isentropic Expansio'!D22)/'Solution of Isentropic Expansio'!E22 -> 0.00035149496 | G22: =F22*1550 -> 0.54481718 | H22: =(2*SQRT(F22/PI())) -> 0.021155077 | I22: =H22*39.3701 -> 0.83287749 | K22: =SQRT('Combustion Analysis'!$B$58*'Combustion Analysis'!$B$69*'Solution of Isentropic Expansio'!C22) -> 1026.1154
A23: 1100 | B23: =A23*1000 -> 1100000 | C23: ='Engine Requirements'!$G$62*(B23/'Engine Requirements'!$K$62)^(('Combustion Analysis'!$B$58-1)/'Combustion Analysis'!$B$58) -> 2582.49 | D23: ='Engine Requirements'!$J$62*('Engine Requirements'!$K$62/B23)^(1/'Combustion Analysis'!$B$58) -> 0.72849471 | E23: =SQRT(((2*'Combustion Analysis'!$B$58)/('Combustion Analysis'!$B$58-1))*'Combustion Analysis'!$B$69*'Engine Requirements'!$G$62*(1-('Solution of Isentropic Expansio'!B23/'Engine Requirements'!$K$62)^(('Combustion Analysis'!$B$58-1)/'Combustion Analysis'!$B$58))) -> 1134.824 | F23: =('Engine Requirements'!$B$24*'Solution of Isentropic Expansio'!D23)/'Solution of Isentropic Expansio'!E23 -> 0.00034903726 | G23: =F23*1550 -> 0.54100775 | H23: =(2*SQRT(F23/PI())) -> 0.021080988 | I23: =H23*39.3701 -> 0.82996059 | K23: =SQRT('Combustion Analysis'!$B$58*'Combustion Analysis'!$B$69*'Solution of Isentropic Expansio'!C23) -> 1032.043
A24: 1150 | B24: =A24*1000 -> 1150000 | C24: ='Engine Requirements'!$G$62*(B24/'Engine Requirements'!$K$62)^(('Combustion Analysis'!$B$58-1)/'Combustion Analysis'!$B$58) -> 2611.0756 | D24: ='Engine Requirements'!$J$62*('Engine Requirements'!$K$62/B24)^(1/'Combustion Analysis'!$B$58) -> 0.70453415 | E24: =SQRT(((2*'Combustion Analysis'!$B$58)/('Combustion Analysis'!$B$58-1))*'Combustion Analysis'!$B$69*'Engine Requirements'!$G$62*(1-('Solution of Isentropic Expansio'!B24/'Engine Requirements'!$K$62)^(('Combustion Analysis'!$B$58-1)/'Combustion Analysis'!$B$58))) -> 1102.8098 | F24: =('Engine Requirements'!$B$24*'Solution of Isentropic Expansio'!D24)/'Solution of Isentropic Expansio'!E24 -> 0.0003473564 | G24: =F24*1550 -> 0.53840242 | H24: =(2*SQRT(F24/PI())) -> 0.021030167 | I24: =H24*39.3701 -> 0.82795976 | K24: =SQRT('Combustion Analysis'!$B$58*'Combustion Analysis'!$B$69*'Solution of Isentropic Expansio'!C24) -> 1037.7392
A25: 1200 | B25: =A25*1000 -> 1200000 | C25: ='Engine Requirements'!$G$62*(B25/'Engine Requirements'!$K$62)^(('Combustion Analysis'!$B$58-1)/'Combustion Analysis'!$B$58) -> 2638.7409 | D25: ='Engine Requirements'!$J$62*('Engine Requirements'!$K$62/B25)^(1/'Combustion Analysis'!$B$58) -> 0.68233232 | E25: =SQRT(((2*'Combustion Analysis'!$B$58)/('Combustion Analysis'!$B$58-1))*'Combustion Analysis'!$B$69*'Engine Requirements'!$G$62*(1-('Solution of Isentropic Expansio'!B25/'Engine Requirements'!$K$62)^(('Combustion Analysis'!$B$58-1)/'Combustion Analysis'!$B$58))) -> 1070.9155 | F25: =('Engine Requirements'!$B$24*'Solution of Isentropic Expansio'!D25)/'Solution of Isentropic Expansio'!E25 -> 0.00034642931 | G25: =F25*1550 -> 0.53696543 | H25: =(2*SQRT(F25/PI())) -> 0.021002083 | I25: =H25*39.3701 -> 0.82685411 | K25: =SQRT('Combustion Analysis'!$B$58*'Combustion Analysis'!$B$69*'Solution of Isentropic Expansio'!C25) -> 1043.2223
A26: 1250 | B26: =A26*1000 -> 1250000 | C26: ='Engine Requirements'!$G$62*(B26/'Engine Requirements'!$K$62)^(('Combustion Analysis'!$B$58-1)/'Combustion Analysis'!$B$58) -> 2665.5521 | D26: ='Engine Requirements'!$J$62*('Engine Requirements'!$K$62/B26)^(1/'Combustion Analysis'!$B$58) -> 0.66169461 | E26: =SQRT(((2*'Combustion Analysis'!$B$58)/('Combustion Analysis'!$B$58-1))*'Combustion Analysis'!$B$69*'Engine Requirements'!$G$62*(1-('Solution of Isentropic Expansio'!B26/'Engine Requirements'!$K$62)^(('Combustion Analysis'!$B$58-1)/'Combustion Analysis'!$B$58))) -> 1039.0722 | F26: =('Engine Requirements'!$B$24*'Solution of Isentropic Expansio'!D26)/'Solution of Isentropic Expansio'!E26 -> 0.0003462468 | G26: =F26*1550 -> 0.53668255 | H26: =(2*SQRT(F26/PI())) -> 0.02099655 | I26: =H26*39.3701 -> 0.82663628 | J26: THROAT | K26: =SQRT('Combustion Analysis'!$B$58*'Combustion Analysis'!$B$69*'Solution of Isentropic Expansio'!C26) -> 1048.5088
A27: 1300 | B27: =A27*1000 -> 1300000 | C27: ='Engine Requirements'!$G$62*(B27/'Engine Requirements'!$K$62)^(('Combustion Analysis'!$B$58-1)/'Combustion Analysis'!$B$58) -> 2691.5681 | D27: ='Engine Requirements'!$J$62*('Engine Requirements'!$K$62/B27)^(1/'Combustion Analysis'!$B$58) -> 0.64245463 | E27: =SQRT(((2*'Combustion Analysis'!$B$58)/('Combustion Analysis'!$B$58-1))*'Combustion Analysis'!$B$69*'Engine Requirements'!$G$62*(1-('Solution of Isentropic Expansio'!B27/'Engine Requirements'!$K$62)^(('Combustion Analysis'!$B$58-1)/'Combustion Analysis'!$B$58))) -> 1007.2113 | F27: =('Engine Requirements'!$B$24*'Solution of Isentropic Expansio'!D27)/'Solution of Isentropic Expansio'!E27 -> 0.00034681333 | G27: =F27*1550 -> 0.53756065 | H27: =(2*SQRT(F27/PI())) -> 0.02101372 | I27: =H27*39.3701 -> 0.82731227 | K27: =SQRT('Combustion Analysis'!$B$58*'Combustion Analysis'!$B$69*'Solution of Isentropic Expansio'!C27) -> 1053.6131
A28: 1350 | B28: =A28*1000 -> 1350000 | C28: ='Engine Requirements'!$G$62*(B28/'Engine Requirements'!$K$62)^(('Combustion Analysis'!$B$58-1)/'Combustion Analysis'!$B$58) -> 2716.8419 | D28: ='Engine Requirements'!$J$62*('Engine Requirements'!$K$62/B28)^(1/'Combustion Analysis'!$B$58) -> 0.62446921 | E28: =SQRT(((2*'Combustion Analysis'!$B$58)/('Combustion Analysis'!$B$58-1))*'Combustion Analysis'!$B$69*'Engine Requirements'!$G$62*(1-('Solution of Isentropic Expansio'!B28/'Engine Requirements'!$K$62)^(('Combustion Analysis'!$B$58-1)/'Combustion Analysis'!$B$58))) -> 975.26316 | F28: =('Engine Requirements'!$B$24*'Solution of Isentropic Expansio'!D28)/'Solution of Isentropic Expansio'!E28 -> 0.00034814735 | G28: =F28*1550 -> 0.53962839 | H28: =(2*SQRT(F28/PI())) -> 0.021054096 | I28: =H28*39.3701 -> 0.82890188 | K28: =SQRT('Combustion Analysis'!$B$58*'Combustion Analysis'!$B$69*'Solution of Isentropic Expansio'!C28) -> 1058.5483
A29: 1400 | B29: =A29*1000 -> 1400000 | C29: ='Engine Requirements'!$G$62*(B29/'Engine Requirements'!$K$62)^(('Combustion Analysis'!$B$58-1)/'Combustion Analysis'!$B$58) -> 2741.4209 | D29: ='Engine Requirements'!$J$62*('Engine Requirements'!$K$62/B29)^(1/'Combustion Analysis'!$B$58) -> 0.60761448 | E29: =SQRT(((2*'Combustion Analysis'!$B$58)/('Combustion Analysis'!$B$58-1))*'Combustion Analysis'!$B$69*'Engine Requirements'!$G$62*(1-('Solution of Isentropic Expansio'!B29/'Engine Requirements'!$K$62)^(('Combustion Analysis'!$B$58-1)/'Combustion Analysis'!$B$58))) -> 943.15587 | F29: =('Engine Requirements'!$B$24*'Solution of Isentropic Expansio'!D29)/'Solution of Isentropic Expansio'!E29 -> 0.00035028257 | G29: =F29*1550 -> 0.54293798 | H29: =(2*SQRT(F29/PI())) -> 0.021118561 | I29: =H29*39.3701 -> 0.83143986 | K29: =SQRT('Combustion Analysis'!$B$58*'Combustion Analysis'!$B$69*'Solution of Isentropic Expansio'!C29) -> 1063.3258
A30: 1450 | B30: =A30*1000 -> 1450000 | C30: ='Engine Requirements'!$G$62*(B30/'Engine Requirements'!$K$62)^(('Combustion Analysis'!$B$58-1)/'Combustion Analysis'!$B$58) -> 2765.348 | D30: ='Engine Requirements'!$J$62*('Engine Requirements'!$K$62/B30)^(1/'Combustion Analysis'!$B$58) -> 0.59178266 | E30: =SQRT(((2*'Combustion Analysis'!$B$58)/('Combustion Analysis'!$B$58-1))*'Combustion Analysis'!$B$69*'Engine Requirements'!$G$62*(1-('Solution of Isentropic Expansio'!B30/'Engine Requirements'!$K$62)^(('Combustion Analysis'!$B$58-1)/'Combustion Analysis'!$B$58))) -> 910.81352 | F30: =('Engine Requirements'!$B$24*'Solution of Isentropic Expansio'!D30)/'Solution of Isentropic Expansio'!E30 -> 0.00035326991 | G30: =F30*1550 -> 0.54756837 | H30: =(2*SQRT(F30/PI())) -> 0.021208423 | I30: =H30*39.3701 -> 0.83497775 | K30: =SQRT('Combustion Analysis'!$B$58*'Combustion Analysis'!$B$69*'Solution of Isentropic Expansio'!C30) -> 1067.9561
A31: 1500 | B31: =A31*1000 -> 1500000 | C31: ='Engine Requirements'!$G$62*(B31/'Engine Requirements'!$K$62)^(('Combustion Analysis'!$B$58-1)/'Combustion Analysis'!$B$58) -> 2788.6623 | D31: ='Engine Requirements'!$J$62*('Engine Requirements'!$K$62/B31)^(1/'Combustion Analysis'!$B$58) -> 0.57687949 | E31: =SQRT(((2*'Combustion Analysis'!$B$58)/('Combustion Analysis'!$B$58-1))*'Combustion Analysis'!$B$69*'Engine Requirements'!$G$62*(1-('Solution of Isentropic Expansio'!B31/'Engine Requirements'!$K$62)^(('Combustion Analysis'!$B$58-1)/'Combustion Analysis'!$B$58))) -> 878.15462 | F31: =('Engine Requirements'!$B$24*'Solution of Isentropic Expansio'!D31)/'Solution of Isentropic Expansio'!E31 -> 0.00035718071 | G31: =F31*1550 -> 0.5536301 | H31: =(2*SQRT(F31/PI())) -> 0.021325492 | I31: =H31*39.3701 -> 0.83958675 | K31: =SQRT('Combustion Analysis'!$B$58*'Combustion Analysis'!$B$69*'Solution of Isentropic Expansio'!C31) -> 1072.4485
A32: 1550 | B32: =A32*1000 -> 1550000 | C32: ='Engine Requirements'!$G$62*(B32/'Engine Requirements'!$K$62)^(('Combustion Analysis'!$B$58-1)/'Combustion Analysis'!$B$58) -> 2811.399 | D32: ='Engine Requirements'!$J$62*('Engine Requirements'!$K$62/B32)^(1/'Combustion Analysis'!$B$58) -> 0.5628222 | E32: =SQRT(((2*'Combustion Analysis'!$B$58)/('Combustion Analysis'!$B$58-1))*'Combustion Analysis'!$B$69*'Engine Requirements'!$G$62*(1-('Solution of Isentropic Expansio'!B32/'Engine Requirements'!$K$62)^(('Combustion Analysis'!$B$58-1)/'Combustion Analysis'!$B$58))) -> 845.09004 | F32: =('Engine Requirements'!$B$24*'Solution of Isentropic Expansio'!D32)/'Solution of Isentropic Expansio'!E32 -> 0.00036211134 | G32: =F32*1550 -> 0.56127257 | H32: =(2*SQRT(F32/PI())) -> 0.021472179 | I32: =H32*39.3701 -> 0.84536184 | K32: =SQRT('Combustion Analysis'!$B$58*'Combustion Analysis'!$B$69*'Solution of Isentropic Expansio'!C32) -> 1076.8116
A33: 1600 | B33: =A33*1000 -> 1600000 | C33: ='Engine Requirements'!$G$62*(B33/'Engine Requirements'!$K$62)^(('Combustion Analysis'!$B$58-1)/'Combustion Analysis'!$B$58) -> 2833.5903 | D33: ='Engine Requirements'!$J$62*('Engine Requirements'!$K$62/B33)^(1/'Combustion Analysis'!$B$58) -> 0.54953774 | E33: =SQRT(((2*'Combustion Analysis'!$B$58)/('Combustion Analysis'!$B$58-1))*'Combustion Analysis'!$B$69*'Engine Requirements'!$G$62*(1-('Solution of Isentropic Expansio'!B33/'Engine Requirements'!$K$62)^(('Combustion Analysis'!$B$58-1)/'Combustion Analysis'!$B$58))) -> 811.52039 | F33: =('Engine Requirements'!$B$24*'Solution of Isentropic Expansio'!D33)/'Solution of Isentropic Expansio'!E33 -> 0.00036818998 | G33: =F33*1550 -> 0.57069448 | H33: =(2*SQRT(F33/PI())) -> 0.021651652 | I33: =H33*39.3701 -> 0.85242772 | K33: =SQRT('Combustion Analysis'!$B$58*'Combustion Analysis'!$B$69*'Solution of Isentropic Expansio'!C33) -> 1081.0531
A34: 1650 | B34: =A34*1000 -> 1650000 | C34: ='Engine Requirements'!$G$62*(B34/'Engine Requirements'!$K$62)^(('Combustion Analysis'!$B$58-1)/'Combustion Analysis'!$B$58) -> 2855.266 | D34: ='Engine Requirements'!$J$62*('Engine Requirements'!$K$62/B34)^(1/'Combustion Analysis'!$B$58) -> 0.53696139 | E34: =SQRT(((2*'Combustion Analysis'!$B$58)/('Combustion Analysis'!$B$58-1))*'Combustion Analysis'!$B$69*'Engine Requirements'!$G$62*(1-('Solution of Isentropic Expansio'!B34/'Engine Requirements'!$K$62)^(('Combustion Analysis'!$B$58-1)/'Combustion Analysis'!$B$58))) -> 777.33264 | F34: =('Engine Requirements'!$B$24*'Solution of Isentropic Expansio'!D34)/'Solution of Isentropic Expansio'!E34 -> 0.00037558656 | G34: =F34*1550 -> 0.58215917 | H34: =(2*SQRT(F34/PI())) -> 0.021868051 | I34: =H34*39.3701 -> 0.86094736 | K34: =SQRT('Combustion Analysis'!$B$58*'Combustion Analysis'!$B$69*'Solution of Isentropic Expansio'!C34) -> 1085.18
A35: 1700 | B35: =A35*1000 -> 1700000 | C35: ='Engine Requirements'!$G$62*(B35/'Engine Requirements'!$K$62)^(('Combustion Analysis'!$B$58-1)/'Combustion Analysis'!$B$58) -> 2876.4529 | D35: ='Engine Requirements'!$J$62*('Engine Requirements'!$K$62/B35)^(1/'Combustion Analysis'!$B$58) -> 0.52503564 | E35: =SQRT(((2*'Combustion Analysis'!$B$58)/('Combustion Analysis'!$B$58-1))*'Combustion Analysis'!$B$69*'Engine Requirements'!$G$62*(1-('Solution of Isentropic Expansio'!B35/'Engine Requirements'!$K$62)^(('Combustion Analysis'!$B$58-1)/'Combustion Analysis'!$B$58))) -> 742.3957 | F35: =('Engine Requirements'!$B$24*'Solution of Isentropic Expansio'!D35)/'Solution of Isentropic Expansio'!E35 -> 0.00038452733 | G35: =F35*1550 -> 0.59601737 | H35: =(2*SQRT(F35/PI())) -> 0.022126803 | I35: =H35*39.3701 -> 0.87113444 | K35: =SQRT('Combustion Analysis'!$B$58*'Combustion Analysis'!$B$69*'Solution of Isentropic Expansio'!C35) -> 1089.1987
A36: 1750 | B36: =A36*1000 -> 1750000 | C36: ='Engine Requirements'!$G$62*(B36/'Engine Requirements'!$K$62)^(('Combustion Analysis'!$B$58-1)/'Combustion Analysis'!$B$58) -> 2897.176 | D36: ='Engine Requirements'!$J$62*('Engine Requirements'!$K$62/B36)^(1/'Combustion Analysis'!$B$58) -> 0.51370912 | E36: =SQRT(((2*'Combustion Analysis'!$B$58)/('Combustion Analysis'!$B$58-1))*'Combustion Analysis'!$B$69*'Engine Requirements'!$G$62*(1-('Solution of Isentropic Expansio'!B36/'Engine Requirements'!$K$62)^(('Combustion Analysis'!$B$58-1)/'Combustion Analysis'!$B$58))) -> 706.55427 | F36: =('Engine Requirements'!$B$24*'Solution of Isentropic Expansio'!D36)/'Solution of Isentropic Expansio'!E36 -> 0.00039531713 | G36: =F36*1550 -> 0.61274155 | H36: =(2*SQRT(F36/PI())) -> 0.022435093 | I36: =H36*39.3701 -> 0.88327186 | K36: =SQRT('Combustion Analysis'!$B$58*'Combustion Analysis'!$B$69*'Solution of Isentropic Expansio'!C36) -> 1093.1152
A37: 1800 | B37: =A37*1000 -> 1800000 | C37: ='Engine Requirements'!$G$62*(B37/'Engine Requirements'!$K$62)^(('Combustion Analysis'!$B$58-1)/'Combustion Analysis'!$B$58) -> 2917.4584 | D37: ='Engine Requirements'!$J$62*('Engine Requirements'!$K$62/B37)^(1/'Combustion Analysis'!$B$58) -> 0.50293586 | E37: =SQRT(((2*'Combustion Analysis'!$B$58)/('Combustion Analysis'!$B$58-1))*'Combustion Analysis'!$B$69*'Engine Requirements'!$G$62*(1-('Solution of Isentropic Expansio'!B37/'Engine Requirements'!$K$62)^(('Combustion Analysis'!$B$58-1)/'Combustion Analysis'!$B$58))) -> 669.62013 | F37: =('Engine Requirements'!$B$24*'Solution of Isentropic Expansio'!D37)/'Solution of Isentropic Expansio'!E37 -> 0.00040837391 | G37: =F37*1550 -> 0.63297956 | H37: =(2*SQRT(F37/PI())) -> 0.022802583 | I37: =H37*39.3701 -> 0.89773999 | K37: =SQRT('Combustion Analysis'!$B$58*'Combustion Analysis'!$B$69*'Solution of Isentropic Expansio'!C37) -> 1096.9348
A38: 1850 | B38: =A38*1000 -> 1850000 | C38: ='Engine Requirements'!$G$62*(B38/'Engine Requirements'!$K$62)^(('Combustion Analysis'!$B$58-1)/'Combustion Analysis'!$B$58) -> 2937.3212 | D38: ='Engine Requirements'!$J$62*('Engine Requirements'!$K$62/B38)^(1/'Combustion Analysis'!$B$58) -> 0.49267458 | E38: =SQRT(((2*'Combustion Analysis'!$B$58)/('Combustion Analysis'!$B$58-1))*'Combustion Analysis'!$B$69*'Engine Requirements'!$G$62*(1-('Solution of Isentropic Expansio'!B38/'Engine Requirements'!$K$62)^(('Combustion Analysis'!$B$58-1)/'Combustion Analysis'!$B$58))) -> 631.35941 | F38: =('Engine Requirements'!$B$24*'Solution of Isentropic Expansio'!D38)/'Solution of Isentropic Expansio'!E38 -> 0.00042428471 | G38: =F38*1550 -> 0.6576413 | H38: =(2*SQRT(F38/PI())) -> 0.023242549 | I38: =H38*39.3701 -> 0.91506147 | K38: =SQRT('Combustion Analysis'!$B$58*'Combustion Analysis'!$B$69*'Solution of Isentropic Expansio'!C38) -> 1100.6626
... A46: 2250 | B46: =A46*1000 -> 2250000 | C46: ='Engine Requirements'!$G$62*(B46/'Engine Requirements'!$K$62)^(('Combustion Analysis'!$B$58-1)/'Combustion Analysis'!$B$58) -> 3083.2152 | D46: ='Engine Requirements'!$J$62*('Engine Requirements'!$K$62/B46)^(1/'Combustion Analysis'!$B$58) -> 0.42520833 | E46: =SQRT(((2*'Combustion Analysis'!$B$58)/('Combustion Analysis'!$B$58-1))*'Combustion Analysis'!$B$69*'Engine Requirements'!$G$62*(1-('Solution of Isentropic Expansio'!B46/'Engine Requirements'!$K$62)^(('Combustion Analysis'!$B$58-1)/'Combustion Analysis'!$B$58))) -> 181.66671 | F46: =('Engine Requirements'!$B$24*'Solution of Isentropic Expansio'!D46)/'Solution of Isentropic Expansio'!E46 -> 0.0012726246 | G46: =F46*1550 -> 1.9725681 | H46: =(2*SQRT(F46/PI())) -> 0.040253645 | I46: =H46*39.3701 -> 1.58479 | K46: =SQRT('Combustion Analysis'!$B$58*'Combustion Analysis'!$B$69*'Solution of Isentropic Expansio'!C46) -> 1127.6658
A47: 2300 | B47: =A47*1000 -> 2300000 | C47: ='Engine Requirements'!$G$62*(B47/'Engine Requirements'!$K$62)^(('Combustion Analysis'!$B$58-1)/'Combustion Analysis'!$B$58) -> 3100.0427 | D47: ='Engine Requirements'!$J$62*('Engine Requirements'!$K$62/B47)^(1/'Combustion Analysis'!$B$58) -> 0.41823491 | E47: =SQRT(((2*'Combustion Analysis'!$B$58)/('Combustion Analysis'!$B$58-1))*'Combustion Analysis'!$B$69*'Engine Requirements'!$G$62*(1-('Solution of Isentropic Expansio'!B47/'Engine Requirements'!$K$62)^(('Combustion Analysis'!$B$58-1)/'Combustion Analysis'!$B$58))) -> #NUM! | F47: =('Engine Requirements'!$B$24*'Solution of Isentropic Expansio'!D47)/'Solution of Isentropic Expansio'!E47 -> #NUM! | G47: =F47*1550 -> #NUM! | H47: =(2*SQRT(F47/PI())) -> #NUM! | I47: =H47*39.3701 -> #NUM!
C50: Average Specific Vol: | D50: =AVERAGE(D2:D25) -> 1.5654331
C51: Average nozzle Stay Time: | D51: ='Engine Requirements'!D18/('Engine Requirements'!B8*'Solution of Isentropic Expansio'!D50) -> 0.00044208308 | E51: s | F51: =D51*1000 -> 0.44208308 | G51: ms

Sheet Sheet1
A1: Cylindrical radius | B1: 41.94 | C1: mm
A2: Cylindrical length | B2: 30 | C2: mm
A3: average conical radius | B3: =AVERAGE(B1,B6) -> 26.2125 | C3: in
A4: Conical Length | B4: 88.04 | C4: mm
A5: Rough Design-Chamb Vol: | B5: =(PI()*(B1^2)*B2)+(PI()*(B3^2)*B4) -> 355819.19 | C5: mm^3 | D5: =B5/1000000000 -> 0.00035581919 | E5: m^3
A6: Throat radius: | B6: 10.485 | C6: mm
A7: Throat Area: | B7: =(PI())*(B6^2) -> 345.3717 | C7: mm^2
A8: L*: | B8: =B5/(B7) -> 1030.25 | C8: mm | D8: =B8/1000 -> 1.03025 | E8: m
A12: Steel 304
A13: "Typical" Yield Strenth: | B13: =D13*6.8948 -> 179.2648 | C13: MPa | D13: 26 | E13: ksi | F13: Source: | G13: MMPDS
A14: Ultimate Tensile Strength | B14: =D14*6.8948 -> 503.3204 | C14: Mpa | D14: 73 | E14: ksi | F14: Source: | G14: MMPDS | K14: Service Pressure: | L14: ='Engine Requirements'!D2 -> 2289060.3 | M14: Pa
A15: Chamber inner diameter: | B15: 0.08388 | C15: m | K15: Proof Pressure: | L15: =L14*1.5 -> 3433590.5 | M15: Pa
A16: Wall thickness: | B16: =D16*0.0254 -> 0.00635 | C16: m | D16: 0.25 | E16: in | K16: Burst Pressure: | L16: =L14*2.5 -> 5722650.8 | M16: Pa
A17: Service Pressure Hoop Stress: | B17: =(B15*L14)/(2*B16) -> 15118613 | C17: Pa | D17: =B17/1000000 -> 15.118613 | E17: Mpa
A18: Service Pressure Factor of Safety: | B18: =B13/D17 -> 11.857226 | C18: dim.
A19: Service Pressure Margin of Safety: | B19: =B18-1 -> 10.857226 | C19: dim.
A20: Proof Pressure Hoop Stress: | B20: =(B15*L15)/(2*B16) -> 22677919 | C20: Pa | D20: =B20/1000000 -> 22.677919 | E20: Mpa
A21: Proof Pressure Factor of Safety: | B21: =B13/D20 -> 7.9048171 | C21: dim.
A22: Proof Pressure Margin of Safety: | B22: =B21-1 -> 6.9048171 | C22: dim.
A23: Burst Pressure Hoop Stress: | B23: =(B15*L16)/(2*B16) -> 37796531 | C23: Pa | D23: =B23/1000000 -> 37.796531 | E23: Mpa
A24: Burst Pressure Factor of Safety: | B24: =B14/D23 -> 13.316576 | C24: dim.
A25: Burst Pressure Margin of Safety: | B25: =B24-1 -> 12.316576 | C25: dim.

Sheet Prices
A1: Part/Service | B1: Part Number | C1: Supplier | D1: Number | E1: Price | F1: Total cost: | G1: Weight lbs | H1: Max Pressure (PSI) | I1: Material | J1: Use Description
A3: Test Stand:
A4: Structure:
A5: Quickcrete | D5: 0 | E5: 5.25 | F5: =D5*E5 -> 0
A6: L-Shaped Rail 1.5x1.5 | B6: 4664T18 | C6: Mcmaster | D6: 2 | E6: 9.81 | F6: =E6*D6 -> 19.62 | I6: Zinc-plated Steel | J6: 4 foot long-members
A7: L-Shaped Rail 1.5x1.5 | B7: 4664T18 | C7: Mcmaster | D7: 7 | E7: 2.76 | F7: =E7*D7 -> 19.32 | I7: Zinc-plated Steel | J7: 1 foot cross-members
A8: 3/8 diameter 5/8" bolt | B8: McMaster 91309A621 | C8: TBD
A9: 3/8" nuts
F10: =D10*E10 -> 0
A11: Feed System | F11: =D11*E11 -> 0
A12: N2 Pressure Regulator CGA-580 0-500 psi | B12: 5KZ42 | C12: Grainger | D12: 1 | E12: 222.46 | F12: =E12*D12 -> 222.46 | H12: 500 | I12: Brass, Neoprene | J12: Regulator | K12: Cv = .17
A13: 22 Cu ft. Aluminum Cylinder | C13: beverage elements | D13: 1 | E13: 84.95 | F13: =D13*E13 -> 84.95 | G13: 10 | H13: 2216
A14: 20 cu ft Steel Cylinder | C14: beverage elements | D14: 1 | E14: 69.9 | F14: =D14*E14 -> 69.9 | G14: 16 | H14: 2015
A15: 23 cu ft Steel Cylinder - Recertified | C15: beverage elements | D15: 1 | E15: 34.9 | F15: =D15*E15 -> 34.9 | G15: 12 | H15: 2015
A16: Versa-Mount Precision Compressed Air Regulators | B16: 1810T2 | C16: Mcmaster-Carr | D16: 1 | E16: 202.86 | F16: =D16*E16 -> 202.86 | H16: 500 | J16: Feed Pressure. Might need to check that this would work…
A17: 45 deg Flared SAE Male Outlet Pressure Regulator | B17: 66325A23 | C17: Mcmaster-Carr | D17: 1 | E17: 213.11 | F17: =D17*E17 -> 213.11 | H17: 500
A18: Stainless Steel BP Regulator 1/4" NPTF 500 PSI | C18: Swagelok | D18: 1 | E18: 398 | F18: =D18*E18 -> 398
A19: Panel-Mount High-Pressure-Regulating Valve | B19: 3811T11 | C19: Mcmaster-Carr | D19: 1 | E19: 322.86 | F19: =D19*E19 -> 322.86 | H19: 500
A20: Stainless Steel Pipe Schedule 40 | B20: 1XAR5 | C20: Grainger | D20: 1 | E20: 4.79 | F20: =D20*E20 -> 4.79 | I20: 304 Stainless | J20: Connects Regulator to Cross
A21: HP20 Tank | B21: 7822A11 | C21: Mcmaster-Carr | D21: 1 | E21: 131.35 | F21: =D21*E21 -> 131.35 | G21: 9.6 | H21: 2015 | I21: Steel | J21: N2 Tank option
A23: Cryogenic System
A24: Parker Lift check Valve | E24: 178 | F24: =D24*E24 -> 0 | I24: Bronze | J24: Less-good flow characteristics
A25: Parker Swing CheckValve | E25: 570 | F25: =D25*E25 -> 0 | J25: Better flow characteristics
A26: Flo-tite Cryogenic Valve | B26: NPT | C26: Flo-Tite | D26: 3
A27: Parker Cryogenic Ball Valve | B27: NPT | C27: Parker | D27: 3 | E27: 1700 | F27: =D27*E27 -> 5100 | H27: 725 | I27: Bronze, Stainless, Virgin PTFE | J27: For Cryogenic side only
A28: Parker Relief Valve | C28: Parker | D28: 4 | E28: 310 | F28: =D28*E28 -> 1240 | H28: 580 | I28: Bronze
A29: 3/8" Swagelok Low temp Ball valve, Swagelok fittings | C29: Swagelok
A30: Swagelok Low temp Ball valve, Swagelok fittings | B30: SS-L63TS8 | C30: Swagelok | D30: 4 | E30: 231.9 | F30: =D30*E30 -> 927.6
A31: Swagelok Low temp Ball valve, NPT | B31: SS-L63TF8 | C31: Swagelok | D31: 4 | E31: 284.53 | F31: =D31*E31 -> 1138.12
A32: Brass Threaded Pipe Fittings Cross | B32: 4757T161 | C32: Mcmaster | D32: 3 | E32: 23.62 | F32: =D32*E32 -> 70.86 | H32: 3200 | I32: Brass
A33: Mcmaster Cryogenic Relief Valve | B33: 49315K71 | C33: Mcmaster | D33: 2 | E33: 45.67 | F33: =D33*E33 -> 91.34 | H33: up to 450 | I33: Brass, PTFE
A34: Stainless Steel Pipe Schedule 40 | B34: 1XAR5 | C34: Grainger | D34: 2 | E34: 4.79 | F34: =D34*E34 -> 9.58 | I34: 304 Stainless | J34: Connects Vent valve to cross. 10 inch
A35: Pressure Transducers | D35: 3 | F35: =D35*E35 -> 0
A36: Cryogenic Check Valve | B36: CG250SS | C36: Rego Products | D36: 2 | F36: =D36*E36 -> 0 | H36: 2000 | J36: Cryogenic check valve for feed system | K36: Might only need one….?
A37: Flasback Arrestors?????? | F37: =D37*E37 -> 0
A38: Regulator | F38: =D38*E38 -> 0
A39: Gasoila Green PTFE Thread Tape | B39: GT90-24 | C39: Amazon | D39: 2 | E39: 4.84 | F39: =D39*E39 -> 9.68
A41: 1/2" AN Option:
A42: 1/2" Swagelok to 1/4" NPT adaptor | B42: SS-810-1-4 | C42: Swagelok | D42: 1 | E42: 19.63 | F42: =E42*D42 -> 19.63
A43: 1/2" AN Nuts | B43: 5482K77 | C43: Mcmaster | D43: 10 | E43: 7.14 | F43: =D43*E43 -> 71.4
A44: 1/2" AN Sleeve | B44: 5482K84 | C44: Mcmaster | D44: 10 | E44: 2.54 | F44: =D44*E44 -> 25.4
A45: 1/2" AN to NPT Tee Adaptor | B45: 5482K54 | C45: Mcmaster | D45: 1 | E45: 51.1 | F45: =D45*E45 -> 51.1
A46: 1/2" AN to NPT adaptor | B46: 5482K18 | C46: Mcmaster | D46: 5 | E46: 19.14 | F46: =D46*E46 -> 95.7 | J46: There might be 6?
E47: Total: | F47: =SUM(F42:F46) -> 263.23
A49: 3/8" AN Option:
A50: 3/8" Swagelok to 1/4" NPT adaptor | B50: 43898 | C50: Swagelok | D50: 1 | E50: 13.63 | F50: =E50*D50 -> 13.63
A51: 3/8" AN Nuts
A52: 3/8" AN Sleeve
A53: 3/8" AN to NPT Tee Adaptor
A54: 3/8" AN to NPT adaptor
A56: 1/2" Swagelok Option:
A57: 1/2" Swagelok to 1/4" NPT adaptor | B57: SS-810-1-4 | C57: Swagelok | D57: 1 | E57: 19.63 | F57: =E57*D57 -> 19.63
A58: 1/2" Swagelok Tee | B58: SS-810-3 | C58: Swagelok | D58: 1 | E58: 61.88 | F58: =E58*D58 -> 61.88
A59: 1/2" Swagelok to NPT adaptor | B59: SS-810-1-8 | C59: Swagelok | D59: 5 | E59: 22.63 | F59: =E59*D59 -> 113.15
E60: Total: | F60: =SUM(F57:F59) -> 194.66
A62: 3/8" Swagelok Option:
A63: 3/8" Swagelok to 1/4" NPT adaptor | D63: 1 | E63: 13.63 | F63: =E63*D63 -> 13.63
A64: 3/8" Swagelok to 3/8" NPT adaptor | D64: 2 | E64: 15.25 | F64: =D64*E64 -> 30.5
A65: 3/8" Swagelok Tee | D65: 1 | E65: 40.25 | F65: =D65*E65 -> 40.25
A66: 3/8" Swagelok to 1/2" NPT adaptor | D66: 3 | E66: 18.25 | F66: =D66*E66 -> 54.75 | J66: There might be 4
E67: Total: | F67: =SUM(F63:F66) -> 139.13
E69: Subtotal: | F69: =SUM(F24:F39) -> 8587.18
A71: Fuel System
A72: Fuel-Compatible Check valve
A73: Mcmaster Cryogenic Relief Valve | B73: 49315K71 | C73: Mcmaster | D73: 2 | E73: 45.67 | F73: =D73*E73 -> 91.34 | H73: up to 450 | I73: Brass, PTFE
A74: Swagelok Low temp Ball valve, Swagelok fittings | B74: SS-L63TS8 | C74: Swagelok | D74: 2 | E74: 231.9 | F74: =D74*E74 -> 463.8
A75: Brass Threaded Pipe Fittings Cross | B75: 4757T161 | C75: Mcmaster | D75: 2 | E75: 23.62 | F75: =D75*E75 -> 47.24 | H75: 3200 | I75: Brass
A76: Stainless Steel Pipe Schedule 40 | B76: 1XAR5 | C76: Grainger | D76: 2 | E76: 4.79 | F76: =D76*E76 -> 9.58 | I76: 304 Stainless | J76: Connects Vent valve to cross. 10 inch
A77: Fuel compatible Pressure Transducer | D77: 1 | E77: =E35 -> 0
A81: 3/8" Swagelok to 1/4" NPT adaptor | D81: 1 | E81: 13.63 | F81: =E81*D81 -> 13.63
A82: 3/8" Swagelok to 3/8" NPT adaptor | D82: 2 | E82: 15.25 | F82: =D82*E82 -> 30.5
A83: 3/8" Swagelok to 1/2" NPT adaptor | D83: 1 | E83: 18.25 | F83: =D83*E83 -> 18.25 | J83: There might be 3
E84: Total: | F84: =SUM(F72:F83) -> 674.34
A86: 4" Aluminum Tanks Option 1: | J86: NEEDS ANALYSIS
A87: 4" Aluminum 10 Guage End Cap | B87: 9814 | C87: Sharpe Products | D87: 4 | E87: 7.48 | F87: =D87*E87 -> 29.92 | J87: 10 guage is probably too thin
A88: 4" OD pipe 12" Aluminum | C88: Online Metals | D88: 2 | E88: 27.64 | F88: =D88*E88 -> 55.28
A89: Weld-on Port? | B89: 26016 | C89: aceraceparts.com | D89: 4 | E89: 4.8 | F89: =D89*E89 -> 19.2 | I89: 6061 Aluminum | K89: I'm concerned about this because I think the weld-on port was intended for welding onto pipes.
A90: Welding??????? | E90: ??????
E91: Subtotal: | F91: =SUM(F87:F90) -> 104.4
A93: Aluminum "D" Cylinder Option:
A94: D Cylinder | C94: Newegg | D94: 2 | E94: 76.99 | F94: =E94*D94 -> 153.98 | H94: ????????? | J94: Main Prop Tank Option
E96: Subtotal: | F96: =SUM(F94:F95) -> 153.98
A97: Fuel System
A102: Extra Equipment:
A103: Flaring Tool
A104: Tube De-burring tool
A105: Ultrasonic Cleaner
A107: Makerspace: | B107: Location: | F107: Price per month | H107: Pros: | I107: Cons:
A108: Manufactory | B108: Cincinnati | F108: 120 | H108: Lots of tools. They have CNC mill. | I108: It's in cincy.
A109: Buildmore workshop | B109: Dublin, OH | F109: tbd | H109: It's in columbus. Tbd | I109: tbd | K109: 30 bucks/hour
A110: Idea Foundry - Workshop | B110: Columbus | F110: 65 | H110: It's cheaper, could live with lauren, | I110: Not as many tools
A112: Pneumatic System:
A113: Argon CO2 Regulator CGA 580 | C113: ebay | D113: 1 | E113: 19.98 | F113: =E113*D113 -> 19.98 | K113: https://www.ebay.com/itm/NEW-Argon-CO2-Regulator-Gas-Flow-Pressure-Gauge-MIG-TIG-Welding-CGA580-TOP/352887992853?hash=item5229c37215:g:q9wAAOSwwVdd8ZSI
A114: NITRA solenoid valve 5-port/2-position | B114: AVS-5251 | C114: automation direct | D114: 4 | E114: 23.5 | F114: =D114*E114 -> 94 | H114: 115 | K114: https://www.automationdirect.com/adc/shopping/catalog/pneumatic_components/pneumatic_solenoid_directional_control_valves_-a-_accessories/5-port_(4-way),_2-pos.,_body_ported_-z-_manifold_(avs-5,am_series)/avs-5312-24d?gclid=CjwKCAiA4Y7yBRB8EiwADV1habD_SbEe2RJpYAjn4iKfgaApzAHAxhHZLR9NOJrPUy1lFEvuAuS0-RoC8GsQAvD_BwE
A115: SMC 1/4" OD 10-32 UNF | B115: 51436780 | C115: MSCDirect | D115: 10 | E115: 3.72 | F115: =E115*D115 -> 37.2 | H115: 145
A116: Coilhose Pneumatics 1/4" Manifold | B116: 85804961 | C116: MSCDirect | D116: 1 | E116: 12.07 | F116: =E116*D116 -> 12.07 | K116: 1 inlet, 5 outlets
A117: 1/4" OD to 1/4" NPT connector 10 pieces (Liberty pneumatics) | B117: B01DQ1A8YM | C117: Amazon | D117: 1 | E117: 7.37 | F117: =E117*D117 -> 7.37 | K117: https://www.amazon.com/Pcs-Tube-push-connect-fitting/dp/B01DQ1A8YM/ref=pd_bxgy_3/137-1700328-5205923?_encoding=UTF8&pd_rd_i=B01DQ1A8YM&pd_rd_r=baf40765-711f-4a2c-afef-d22cf693f5c0&pd_rd_w=f7B7U&pd_rd_wg=0yAWQ&pf_rd_p=fd08095f-55ff-4a15-9b49-4a1a719225a9&pf_rd_r=8WE25GB08S3X0F2RES5A&psc=1&refRID=8WE25GB08S3X0F2RES5A
A118: 1/4" OD to 1/8" NPT connector 10 pieces (liberty pneumatics) | B118: B01DQ1AC8Y | C118: Amazon | D118: 2 | E118: 7.37 | F118: =E118*D118 -> 14.74 | K118: https://www.amazon.com/Pieces-pneumatic-connect-touch-fitting/dp/B01DQ1AC8Y/ref=sr_1_1?keywords=pneumatic+B01DQ1AC8Y&qid=1581606212&sr=8-1
A120: 7/16 Bore Double-acting Rear pivot mount Cylinder | B120: A07020DP | C120: automation direct | D120: 5 | E120: 21.5 | F120: =E120*D120 -> 107.5
A121: #10-32 UNF Thread Clevis and nut | B121: ARC-10-32 | C121: automation direct | D121: =D120 -> 5 | E121: 3.25 | F121: =E121*D121 -> 16.25
...

Sheet Parts List 1
A1: Part/Service | B1: Part Number | C1: Supplier | D1: Number | E1: Price | F1: Total cost: | G1: Weight lbs | H1: Max Pressure (PSI) | I1: Material | J1: Use Description
F2: =D2*E2 -> 0
A4: Test Stand:
A5: Structure:
A6: L-Shaped Rail 1.5x1.5 | B6: 4664T18 | C6: Mcmaster | D6: 2 | E6: 9.81 | F6: =E6*D6 -> 19.62 | I6: Zinc-plated Steel | J6: 4 foot long-members
A7: L-Shaped Rail 1.5x1.5 | B7: 4664T18 | C7: Mcmaster | D7: 7 | E7: 2.76 | F7: =E7*D7 -> 19.32 | I7: Zinc-plated Steel | J7: 1 foot cross-members
J8: Optional Divider Plate?
F9: =E9*D9 -> 0 | J9: Wheels?
F10: =E10*D10 -> 0 | J10: Mounting Straps or Stakes?
E11: Subtotal: | F11: =SUM(F6:F10) -> 38.94
A12: Feed System
D13: 1 | F13: =E13*D13 -> 0 | J13: CGA to NPT adaptor
A14: 23 cu ft Steel Cylinder - Recertified | C14: beverage elements | D14: 1 | E14: 34.9 | F14: =D14*E14 -> 34.9 | G14: 12 | H14: 2015
A15: N2 Pressure Regulator CGA-580 0-500 psi | B15: 5KZ42 | C15: Grainger | D15: 1 | E15: 222.46 | F15: =E15*D15 -> 222.46 | H15: 500 | I15: Brass, Neoprene | J15: Regulator | K15: Cv = .17 | L15: This could change. Definitely. Cv = .17
A16: Stainless Steel Pipe Schedule 40 | B16: 1XAR5 | C16: Grainger | D16: 1 | E16: 4.79 | F16: =D16*E16 -> 4.79 | I16: 304 Stainless | J16: Connects Regulator to Cross
A17: Brass Threaded Pipe Fittings Cross | B17: 4757T161 | C17: Mcmaster | D17: 1 | E17: 23.62 | F17: =D17*E17 -> 23.62 | H17: 3200 | I17: Brass | J17: Cross
D18: 1 | F18: =E18*D18 -> 0 | J18: Pressure Transducer
E19: Subtotal: | F19: =SUM(F13:F18) -> 285.77
A20: Cryogenic System
D21: 1 | J21: Non-Cryogenic Check Valve
D22: 1 | J22: Cryogenic Check Valve
A23: Stainless Steel Pipe Schedule 40 | B23: 1XAR5 | C23: Grainger | D23: 3 | E23: 4.79 | F23: =D23*E23 -> 14.37 | I23: 304 Stainless | J23: Pipe or NPT to NPT adaptor | L23: Probably won't work
A24: Brass Threaded Pipe Fittings Cross | B24: 4757T161 | C24: Mcmaster | D24: 2 | E24: 23.62 | F24: =D24*E24 -> 47.24 | H24: 3200 | I24: Brass | J24: NPT Crosses
A25: Mcmaster Cryogenic Relief Valve | B25: 49315K71 | C25: Mcmaster | D25: 2 | E25: 45.67 | F25: =D25*E25 -> 91.34 | H25: up to 450 | I25: Brass, PTFE | J25: Relief Valves
D26: 1 | J26: Cryogenic Pressure Transducer
A27: Swagelok Low temp Ball valve, Swagelok fittings | B27: SS-L63TS8 | C27: Swagelok | D27: 1 | E27: 231.9 | F27: =D27*E27 -> 231.9 | J27: Tank Vent Valve | L27: IS THIS EVEN GOING TO WORK WITH OXYGEN AT CRYO TEMPERATURES? What size?
A28: Stainless Steel Pipe Schedule 40 | B28: 1XAR5 | C28: Grainger | D28: 2 | E28: 4.79 | F28: =D28*E28 -> 9.58 | I28: 304 Stainless | J28: 10" Pipe or other connection
D29: 6 | J29: NPT to AN or Swagelok fittings | M29: Could be more
A30: 3/8" Swagelok to 1/4" NPT adaptor | D30: 1 | E30: 13.63 | F30: =E30*D30 -> 13.63 | J30: Connects crosses to tank supply line
A31: 3/8" Swagelok to 3/8" NPT adaptor | D31: 2 | E31: 15.25 | F31: =D31*E31 -> 30.5 | J31: Connects supply line to tank and prop line to tank
A32: 3/8" Swagelok Tee | D32: 1 | E32: 40.25 | F32: =D32*E32 -> 40.25 | J32: AN or Swagelok Tee
A33: Swagelok Low temp Ball valve, Swagelok fittings | B33: SS-L63TS8 | C33: Swagelok | D33: 2 | E33: 231.9 | F33: =D33*E33 -> 463.8 | J33: NPT or Swagelok Cryogenic Valve
A34: 3/8" Swagelok to 1/2" NPT adaptor | D34: 3 | E34: 18.25 | F34: =D34*E34 -> 54.75 | J34: Connects prop lines to ball valves. (There might be 4)
D35: 1 | J35: Cryogenic Check Valve or flashback arrestor?
J36: Connections to Engine?
E37: Subtotal: | F37: =SUM(F21:F36) -> 997.36
A38: Prop Tanks
D39: 2 | J39: Tank Walls
D40: 4 | J40: Tank Domes
D41: 4 | J41: Weld-on Fittings
J42: Welding
E43: Subtotal: | F43: =SUM(F39:F42) -> 0
A44: Fuel System
D45: 1 | J45: Ethanol-Compatible Check Valve
A46: Brass Threaded Pipe Fittings Cross | B46: 4757T161 | C46: Mcmaster | D46: 2 | E46: 23.62 | F46: =D46*E46 -> 47.24 | H46: 3200 | I46: Brass | J46: NPT Crosses
A47: Mcmaster Cryogenic Relief Valve | B47: 49315K71 | C47: Mcmaster | D47: 2 | E47: 45.67 | F47: =D47*E47 -> 91.34 | H47: up to 450 | I47: Brass, PTFE | J47: Relief Valves | M47: CAN THIS BE NON-CRYOGENIC? FIND A CHEAPER OPTION!!!
D48: 1 | J48: Pressure Transducer
A49: Swagelok Low temp Ball valve, Swagelok fittings | B49: SS-L63TS8 | C49: Swagelok | D49: 2 | E49: 231.9 | F49: =D49*E49 -> 463.8 | J49: Ethanol-Compatible Ball Valve | M49: IS THIS EVEN GOING TO WORK WITH FUEL?
A50: Stainless Steel Pipe Schedule 40 | B50: 1XAR5 | C50: Grainger | D50: 2 | E50: 4.79 | F50: =D50*E50 -> 9.58 | I50: 304 Stainless | J50: 10" pipe or other connection. May need revision: how am I connecting crosses?
A51: 3/8" Swagelok to 1/4" NPT adaptor | C51: Swagelok | D51: 1 | E51: 13.63 | F51: =E51*D51 -> 13.63 | J51: Connection from Feed to tank line
A52: 3/8" Swagelok to 3/8" NPT adaptor | C52: Swagelok | D52: 2 | E52: 15.25 | F52: =D52*E52 -> 30.5 | J52: NPT to AN/Swagelok adapters
A53: 3/8" Swagelok to 1/2" NPT adaptor | C53: Swagelok | D53: 1 | E53: 18.25 | F53: =D53*E53 -> 18.25 | J53: Connection(s) to ball valves | M53: Could be more
J54: Ethanol-compatible Check Valve or Flashback arrestor
J55: Connections to engine?
E56: Subtotal: | F56: =SUM(F45:F55) -> 674.34
A57: Pneumatic System
A58: Argon CO2 Regulator CGA 580 | C58: ebay | D58: 1 | E58: 19.98 | F58: =E58*D58 -> 19.98 | J58: Regulator | K58: https://www.ebay.com/itm/NEW-Argon-CO2-Regulator-Gas-Flow-Pressure-Gauge-MIG-TIG-Welding-CGA580-TOP/352887992853?hash=item5229c37215:g:q9wAAOSwwVdd8ZSI
A59: NITRA solenoid valve 5-port/2-position | B59: AVS-5312-24D | C59: automation direct | D59: 4 | E59: 35 | F59: =D59*E59 -> 140 | J59: Solenoid Pilot valves | K59: https://www.automationdirect.com/adc/shopping/catalog/pneumatic_components/pneumatic_solenoid_directional_control_valves_-a-_accessories/5-port_(4-way),_2-pos.,_body_ported_-z-_manifold_(avs-5,am_series)/avs-5312-24d?gclid=CjwKCAiA4Y7yBRB8EiwADV1habD_SbEe2RJpYAjn4iKfgaApzAHAxhHZLR9NOJrPUy1lFEvuAuS0-RoC8GsQAvD_BwE
A60: 7/16 Bore Double-acting Rear pivot mount Cylinder | B60: A07020DP | C60: automation direct | D60: 3 | E60: 21.5 | F60: =E60*D60 -> 64.5 | J60: Control Pneumatic Cylinders
A61: #10-32 UNF Thread Clevis and nut | B61: ARC-10-32 | C61: automation direct | D61: =D60 -> 3 | E61: 3.25 | F61: =E61*D61 -> 9.75 | J61: clevis
A62: NITRA Pneumatic Cylinder 3/4" bore 2" stroke | B62: A12020DP | C62: automation direct | D62: 1 | E62: 22 | F62: =E62*D62 -> 22 | J62: Main Prop Pneumatic Cylinder
A63: NITRA rod clevis and nut for 3/4 cylinder | B63: ARC-14-28 | C63: automation direct | D63: =D62 -> 1 | E63: 3.5 | F63: =E63*D63 -> 3.5 | J63: clevis
D64: 17-25 | J64: NPT/Pneumatic Fittings
D65: 1 | J65: Pneumatic Splitter
J66: Pneumatic Line
E68: Subtotal: | F68: =SUM(F58:F66) -> 259.73
A69: Extra Equipment:
J70: Possible 37 degree Flaring tool
J71: Tube de-burring tool
J72: Tube cutting tool
E73: Subtotal: | F73: =SUM(F70:F72) -> 0
A74: Engine
J75: Nozzle Material
J76: Chamber Material
J77: Tools for machining the Injector
J78: Tools for Machining entrance ports
E79: Subtotal: | F79: =SUM(F75:F78) -> 0
A80: Data Acquisition:
D81: 1 | J81: Onsite Data-Acquisition Microcontroller
D82: 2 | J82: Wireless Tx/Rx?
J83: Batteries
D84: 4 | J84: Microswitches or Potentiometers/String Pots.
J85: Control Panel
E86: Subtotal: | F86: =SUM(F81:F85) -> 0
A88: Makerspace:
A89: Manufactory | D89: 1 | E89: 120 | F89: =E89*D89 -> 120 | J89: Price is per month. Quantity is estimated months
A90: Classes Required | D90: 3 | E90: 80 | F90: =E90*D90 -> 240 | J90: Price is an estimate per class. Could be very wrong.
A91: Other Tools:
E92: Subtotal: | F92: =SUM(F89:F91) -> 360
E94: HARD Total: | F94: =SUM(F86,F79,F73,F68,F56,F43,F37,F19,F11,) -> 2256.14
